prefix_1,prefix_2,prefix_3,prefix_4,prefix_5,prefix_6,prefix_7,prefix_8,prefix_9,prefix_10,prefix_11,prefix_12,prefix_13,prefix_14,prefix_15,prefix_16,prefix_17,prefix_18,prefix_19,prefix_20,desired_cfs,idx,test_id,dataset,black_box
asubmittedcomplete,apartlysubmittedcomplete,apreacceptedcomplete,wcompleterenaanvraagschedule,wafhandelenleadscomplete,aacceptedcomplete,oselectedcomplete,wcompleterenaanvraagstart,wcompleterenaanvraagcomplete,osentcomplete,oselectedcomplete,osentcomplete,wnabellenoffertesstart,osentbackcomplete,wvaliderenaanvraagschedule,wcompleterenaanvraagcomplete,wvaliderenaanvraagstart,odeclinedcomplete,wvaliderenaanvraagstart,wnabellenincompletedossiersstart,5.0,20,0,bpic2012_O_ACCEPTED-COMPLETE,xgboost
asubmittedcomplete,apartlysubmittedcomplete,apreacceptedcomplete,wafhandelenleadsstart,apreacceptedcomplete,aacceptedcomplete,oselectedcomplete,afinalizedcomplete,wcompleterenaanvraagcomplete,osentcomplete,ocreatedcomplete,wcompleterenaanvraagcomplete,wnabellenoffertesschedule,afinalizedcomplete,wnabellenoffertesschedule,osentbackcomplete,wnabellenoffertesstart,wnabellenoffertescomplete,wnabellenoffertesstart,wnabellenincompletedossiersschedule,5.0,20,1,bpic2012_O_ACCEPTED-COMPLETE,xgboost
asubmittedcomplete,apartlysubmittedcomplete,apreacceptedcomplete,wcompleterenaanvraagschedule,wafhandelenleadscomplete,wcompleterenaanvraagcomplete,oselectedcomplete,wcompleterenaanvraagcomplete,wcompleterenaanvraagcomplete,osentcomplete,oselectedcomplete,osentcomplete,wnabellenoffertesstart,osentbackcomplete,wvaliderenaanvraagschedule,wcompleterenaanvraagcomplete,wvaliderenaanvraagstart,ocancelledcomplete,wvaliderenaanvraagstart,wnabellenincompletedossiersschedule,5.0,20,2,bpic2012_O_ACCEPTED-COMPLETE,xgboost
asubmittedcomplete,apartlysubmittedcomplete,apreacceptedcomplete,wafhandelenleadsstart,wcompleterenaanvraagstart,aacceptedcomplete,oselectedcomplete,wcompleterenaanvraagschedule,wcompleterenaanvraagcomplete,osentcomplete,oselectedcomplete,wcompleterenaanvraagcomplete,wnabellenoffertesschedule,afinalizedcomplete,wnabellenoffertesschedule,osentbackcomplete,wnabellenoffertesstart,aregisteredcomplete,wnabellenoffertesstart,wnabellenincompletedossiersschedule,5.0,20,3,bpic2012_O_ACCEPTED-COMPLETE,xgboost
asubmittedcomplete,apartlysubmittedcomplete,apreacceptedcomplete,wcompleterenaanvraagschedule,wcompleterenaanvraagstart,wcompleterenaanvraagschedule,apreacceptedcomplete,afinalizedcomplete,wafhandelenleadscomplete,osentcomplete,oselectedcomplete,ocreatedcomplete,afinalizedcomplete,ocreatedcomplete,wcompleterenaanvraagcomplete,osentbackcomplete,wvaliderenaanvraagschedule,osentbackcomplete,oselectedcomplete,wbeoordelenfraudeschedule,5.0,20,4,bpic2012_O_ACCEPTED-COMPLETE,xgboost
asubmittedcomplete,apartlysubmittedcomplete,apreacceptedcomplete,wafhandelenleadsstart,wcompleterenaanvraagstart,wcompleterenaanvraagcomplete,wafhandelenleadscomplete,aacceptedcomplete,ocreatedcomplete,wcompleterenaanvraagcomplete,afinalizedcomplete,wcompleterenaanvraagcomplete,afinalizedcomplete,osentbackcomplete,wcompleterenaanvraagcomplete,osentcomplete,wcompleterenaanvraagcomplete,oselectedcomplete,odeclinedcomplete,aregisteredcomplete,10.0,20,5,bpic2012_O_ACCEPTED-COMPLETE,xgboost
asubmittedcomplete,apartlysubmittedcomplete,apreacceptedcomplete,wcompleterenaanvraagschedule,wcompleterenaanvraagstart,wcompleterenaanvraagcomplete,wcompleterenaanvraagstart,aacceptedcomplete,oselectedcomplete,afinalizedcomplete,ocreatedcomplete,osentcomplete,wnabellenoffertesschedule,wcompleterenaanvraagcomplete,wnabellenoffertesstart,wnabellenoffertescomplete,wnabellenoffertesstart,wnabellenoffertescomplete,wnabellenoffertesstart,osentbackcomplete,10.0,20,6,bpic2012_O_ACCEPTED-COMPLETE,xgboost
asubmittedcomplete,apartlysubmittedcomplete,apreacceptedcomplete,wafhandelenleadsstart,wcompleterenaanvraagstart,wcompleterenaanvraagschedule,wcompleterenaanvraagcomplete,oselectedcomplete,afinalizedcomplete,wcompleterenaanvraagcomplete,wnabellenoffertesschedule,aacceptedcomplete,wnabellenoffertesstart,osentbackcomplete,osentcomplete,wnabellenoffertesstart,wnabellenoffertescomplete,wcompleterenaanvraagcomplete,wnabellenoffertesstart,wnabellenincompletedossiersstart,10.0,20,7,bpic2012_O_ACCEPTED-COMPLETE,xgboost
asubmittedcomplete,apartlysubmittedcomplete,apreacceptedcomplete,wafhandelenleadsstart,apreacceptedcomplete,aacceptedcomplete,wcompleterenaanvraagcomplete,oselectedcomplete,ocreatedcomplete,afinalizedcomplete,afinalizedcomplete,wcompleterenaanvraagcomplete,afinalizedcomplete,afinalizedcomplete,osentcomplete,wcompleterenaanvraagcomplete,wvaliderenaanvraagstart,ocancelledcomplete,osentbackcomplete,odeclinedcomplete,10.0,20,8,bpic2012_O_ACCEPTED-COMPLETE,xgboost
asubmittedcomplete,apartlysubmittedcomplete,apreacceptedcomplete,wafhandelenleadsstart,wcompleterenaanvraagstart,wcompleterenaanvraagschedule,afinalizedcomplete,afinalizedcomplete,wcompleterenaanvraagstart,afinalizedcomplete,ocreatedcomplete,osentcomplete,osentcomplete,wcompleterenaanvraagcomplete,wvaliderenaanvraagschedule,osentbackcomplete,wvaliderenaanvraagschedule,osentbackcomplete,wnabellenoffertescomplete,adeclinedcomplete,10.0,20,9,bpic2012_O_ACCEPTED-COMPLETE,xgboost
asubmittedcomplete,apartlysubmittedcomplete,apreacceptedcomplete,wafhandelenleadsstart,apreacceptedcomplete,wafhandelenleadsstart,afinalizedcomplete,afinalizedcomplete,ocreatedcomplete,osentcomplete,wnabellenoffertesschedule,wcompleterenaanvraagcomplete,wnabellenoffertesstart,afinalizedcomplete,ocreatedcomplete,wnabellenoffertescomplete,wvaliderenaanvraagstart,osentbackcomplete,aregisteredcomplete,wvaliderenaanvraagcomplete,15.0,20,10,bpic2012_O_ACCEPTED-COMPLETE,xgboost
asubmittedcomplete,apartlysubmittedcomplete,apreacceptedcomplete,wafhandelenleadsstart,apreacceptedcomplete,wafhandelenleadsstart,wafhandelenleadscomplete,afinalizedcomplete,wafhandelenleadscomplete,osentcomplete,wnabellenoffertesschedule,wcompleterenaanvraagcomplete,wnabellenoffertesstart,afinalizedcomplete,wnabellenoffertesstart,wnabellenoffertescomplete,osentbackcomplete,osentbackcomplete,aregisteredcomplete,wvaliderenaanvraagcomplete,15.0,20,11,bpic2012_O_ACCEPTED-COMPLETE,xgboost
asubmittedcomplete,apartlysubmittedcomplete,apreacceptedcomplete,wafhandelenleadsstart,wafhandelenleadscomplete,wafhandelenleadsstart,wafhandelenleadscomplete,afinalizedcomplete,oselectedcomplete,osentcomplete,wnabellenoffertesschedule,wcompleterenaanvraagcomplete,wnabellenoffertesstart,afinalizedcomplete,wnabellenoffertesschedule,wnabellenoffertescomplete,wvaliderenaanvraagstart,osentbackcomplete,aregisteredcomplete,wvaliderenaanvraagcomplete,15.0,20,12,bpic2012_O_ACCEPTED-COMPLETE,xgboost
asubmittedcomplete,apartlysubmittedcomplete,apreacceptedcomplete,wafhandelenleadsstart,wcompleterenaanvraagstart,wafhandelenleadsstart,wcompleterenaanvraagstart,wcompleterenaanvraagschedule,ocreatedcomplete,osentcomplete,wcompleterenaanvraagstart,wcompleterenaanvraagcomplete,wnabellenoffertesstart,afinalizedcomplete,wcompleterenaanvraagcomplete,wnabellenoffertescomplete,osentbackcomplete,wbeoordelenfraudeschedule,wvaliderenaanvraagschedule,wvaliderenaanvraagcomplete,15.0,20,13,bpic2012_O_ACCEPTED-COMPLETE,xgboost
asubmittedcomplete,apartlysubmittedcomplete,apreacceptedcomplete,wafhandelenleadsstart,apreacceptedcomplete,wafhandelenleadsstart,afinalizedcomplete,wcompleterenaanvraagschedule,ocreatedcomplete,osentcomplete,wnabellenoffertesschedule,wcompleterenaanvraagcomplete,wnabellenoffertesstart,afinalizedcomplete,wcompleterenaanvraagcomplete,wnabellenoffertescomplete,wcompleterenaanvraagcomplete,osentbackcomplete,aactivatedcomplete,ocreatedcomplete,15.0,20,14,bpic2012_O_ACCEPTED-COMPLETE,xgboost
asubmittedcomplete,apartlysubmittedcomplete,apreacceptedcomplete,wcompleterenaanvraagschedule,wcompleterenaanvraagstart,aacceptedcomplete,oselectedcomplete,afinalizedcomplete,ocreatedcomplete,osentcomplete,wnabellenoffertesschedule,wcompleterenaanvraagcomplete,wnabellenoffertesstart,osentbackcomplete,wvaliderenaanvraagschedule,wnabellenoffertescomplete,wvaliderenaanvraagstart,oacceptedcomplete,aregisteredcomplete,aapprovedcomplete,20.0,20,15,bpic2012_O_ACCEPTED-COMPLETE,xgboost
asubmittedcomplete,apartlysubmittedcomplete,apreacceptedcomplete,wcompleterenaanvraagschedule,wcompleterenaanvraagstart,aacceptedcomplete,oselectedcomplete,afinalizedcomplete,ocreatedcomplete,osentcomplete,wnabellenoffertesschedule,wcompleterenaanvraagcomplete,wnabellenoffertesstart,osentbackcomplete,wvaliderenaanvraagschedule,wnabellenoffertescomplete,wvaliderenaanvraagstart,wnabellenincompletedossiersschedule,wvaliderenaanvraagcomplete,wnabellenincompletedossiersstart,20.0,20,16,bpic2012_O_ACCEPTED-COMPLETE,xgboost
asubmittedcomplete,apartlysubmittedcomplete,apreacceptedcomplete,wcompleterenaanvraagschedule,wcompleterenaanvraagstart,aacceptedcomplete,oselectedcomplete,afinalizedcomplete,ocreatedcomplete,osentcomplete,wnabellenoffertesschedule,wcompleterenaanvraagcomplete,wnabellenoffertesstart,osentbackcomplete,wvaliderenaanvraagschedule,wnabellenoffertescomplete,wvaliderenaanvraagstart,wvaliderenaanvraagcomplete,wvaliderenaanvraagstart,aregisteredcomplete,20.0,20,17,bpic2012_O_ACCEPTED-COMPLETE,xgboost
asubmittedcomplete,apartlysubmittedcomplete,apreacceptedcomplete,wcompleterenaanvraagschedule,wcompleterenaanvraagstart,aacceptedcomplete,afinalizedcomplete,oselectedcomplete,ocreatedcomplete,osentcomplete,wnabellenoffertesschedule,wcompleterenaanvraagcomplete,wnabellenoffertesstart,wnabellenoffertescomplete,wnabellenoffertesstart,wnabellenoffertescomplete,wnabellenoffertesstart,osentbackcomplete,wvaliderenaanvraagschedule,wnabellenoffertescomplete,20.0,20,18,bpic2012_O_ACCEPTED-COMPLETE,xgboost
asubmittedcomplete,apartlysubmittedcomplete,apreacceptedcomplete,wcompleterenaanvraagschedule,wcompleterenaanvraagstart,wcompleterenaanvraagcomplete,afinalizedcomplete,wcompleterenaanvraagcomplete,ocreatedcomplete,osentcomplete,wnabellenoffertesschedule,wcompleterenaanvraagcomplete,wnabellenoffertesstart,wnabellenoffertescomplete,wnabellenoffertesstart,wnabellenoffertescomplete,wnabellenoffertesstart,osentbackcomplete,wvaliderenaanvraagschedule,wnabellenoffertescomplete,20.0,20,19,bpic2012_O_ACCEPTED-COMPLETE,xgboost
asubmittedcomplete,apartlysubmittedcomplete,apreacceptedcomplete,wafhandelenleadsstart,apreacceptedcomplete,aacceptedcomplete,oselectedcomplete,afinalizedcomplete,wcompleterenaanvraagcomplete,osentcomplete,ocreatedcomplete,wcompleterenaanvraagcomplete,wnabellenoffertesschedule,afinalizedcomplete,wnabellenoffertesschedule,osentbackcomplete,wnabellenoffertesstart,wnabellenoffertescomplete,wnabellenoffertesstart,wnabellenincompletedossiersschedule,5.0,21,0,bpic2012_O_ACCEPTED-COMPLETE,xgboost
asubmittedcomplete,apartlysubmittedcomplete,apreacceptedcomplete,wafhandelenleadsstart,wcompleterenaanvraagstart,aacceptedcomplete,oselectedcomplete,wcompleterenaanvraagschedule,wcompleterenaanvraagcomplete,osentcomplete,oselectedcomplete,wcompleterenaanvraagcomplete,wnabellenoffertesschedule,afinalizedcomplete,wnabellenoffertesschedule,osentbackcomplete,wnabellenoffertesstart,aregisteredcomplete,wnabellenoffertesstart,wnabellenincompletedossiersschedule,5.0,21,1,bpic2012_O_ACCEPTED-COMPLETE,xgboost
asubmittedcomplete,apartlysubmittedcomplete,apreacceptedcomplete,wcompleterenaanvraagschedule,wcompleterenaanvraagstart,wcompleterenaanvraagschedule,apreacceptedcomplete,afinalizedcomplete,wafhandelenleadscomplete,osentcomplete,oselectedcomplete,ocreatedcomplete,afinalizedcomplete,ocreatedcomplete,wcompleterenaanvraagcomplete,osentbackcomplete,wvaliderenaanvraagschedule,osentbackcomplete,oselectedcomplete,wbeoordelenfraudeschedule,5.0,21,2,bpic2012_O_ACCEPTED-COMPLETE,xgboost
asubmittedcomplete,apartlysubmittedcomplete,apreacceptedcomplete,wcompleterenaanvraagschedule,wcompleterenaanvraagstart,wafhandelenleadsstart,wcompleterenaanvraagstart,afinalizedcomplete,wcompleterenaanvraagcomplete,aacceptedcomplete,aacceptedcomplete,osentcomplete,osentcomplete,wcompleterenaanvraagcomplete,wnabellenoffertesstart,osentbackcomplete,wvaliderenaanvraagstart,wnabellenoffertescomplete,wvaliderenaanvraagstart,aregisteredcomplete,5.0,21,3,bpic2012_O_ACCEPTED-COMPLETE,xgboost
asubmittedcomplete,apartlysubmittedcomplete,apreacceptedcomplete,wcompleterenaanvraagschedule,wcompleterenaanvraagstart,wcompleterenaanvraagcomplete,wcompleterenaanvraagstart,aacceptedcomplete,afinalizedcomplete,oselectedcomplete,ocreatedcomplete,osentcomplete,wnabellenoffertesschedule,wcompleterenaanvraagcomplete,wnabellenoffertesstart,osentbackcomplete,wvaliderenaanvraagschedule,wnabellenoffertescomplete,wvaliderenaanvraagstart,adeclinedcomplete,5.0,21,4,bpic2012_O_ACCEPTED-COMPLETE,xgboost
asubmittedcomplete,apartlysubmittedcomplete,apreacceptedcomplete,wcompleterenaanvraagschedule,wcompleterenaanvraagstart,wcompleterenaanvraagcomplete,wcompleterenaanvraagstart,aacceptedcomplete,afinalizedcomplete,oselectedcomplete,ocreatedcomplete,osentcomplete,wnabellenoffertesschedule,wcompleterenaanvraagcomplete,wnabellenoffertesstart,osentbackcomplete,wvaliderenaanvraagschedule,wnabellenoffertescomplete,wvaliderenaanvraagstart,adeclinedcomplete,10.0,21,5,bpic2012_O_ACCEPTED-COMPLETE,xgboost
asubmittedcomplete,apartlysubmittedcomplete,apreacceptedcomplete,wcompleterenaanvraagschedule,wcompleterenaanvraagstart,wcompleterenaanvraagcomplete,wcompleterenaanvraagstart,aacceptedcomplete,oselectedcomplete,afinalizedcomplete,ocreatedcomplete,osentcomplete,wnabellenoffertesschedule,wcompleterenaanvraagcomplete,wnabellenoffertesstart,osentbackcomplete,wvaliderenaanvraagschedule,wnabellenoffertescomplete,wvaliderenaanvraagstart,wvaliderenaanvraagcomplete,10.0,21,6,bpic2012_O_ACCEPTED-COMPLETE,xgboost
asubmittedcomplete,apartlysubmittedcomplete,apreacceptedcomplete,wcompleterenaanvraagschedule,wcompleterenaanvraagstart,wcompleterenaanvraagcomplete,wcompleterenaanvraagstart,aacceptedcomplete,oselectedcomplete,afinalizedcomplete,ocreatedcomplete,osentcomplete,wnabellenoffertesschedule,wcompleterenaanvraagcomplete,wnabellenoffertesstart,osentbackcomplete,wvaliderenaanvraagschedule,wnabellenoffertescomplete,wvaliderenaanvraagstart,aactivatedcomplete,10.0,21,7,bpic2012_O_ACCEPTED-COMPLETE,xgboost
asubmittedcomplete,apartlysubmittedcomplete,apreacceptedcomplete,wcompleterenaanvraagschedule,wcompleterenaanvraagstart,wcompleterenaanvraagcomplete,wcompleterenaanvraagstart,aacceptedcomplete,afinalizedcomplete,oselectedcomplete,ocreatedcomplete,osentcomplete,wnabellenoffertesschedule,wcompleterenaanvraagcomplete,wnabellenoffertesstart,osentbackcomplete,wvaliderenaanvraagschedule,wnabellenoffertescomplete,wvaliderenaanvraagstart,wvaliderenaanvraagcomplete,10.0,21,8,bpic2012_O_ACCEPTED-COMPLETE,xgboost
asubmittedcomplete,apartlysubmittedcomplete,apreacceptedcomplete,wcompleterenaanvraagschedule,wcompleterenaanvraagstart,wcompleterenaanvraagcomplete,wcompleterenaanvraagstart,aacceptedcomplete,afinalizedcomplete,oselectedcomplete,ocreatedcomplete,osentcomplete,wnabellenoffertesschedule,wcompleterenaanvraagcomplete,wnabellenoffertesstart,osentbackcomplete,wvaliderenaanvraagschedule,wnabellenoffertescomplete,wvaliderenaanvraagstart,aregisteredcomplete,10.0,21,9,bpic2012_O_ACCEPTED-COMPLETE,xgboost
asubmittedcomplete,apartlysubmittedcomplete,wafhandelenleadsschedule,wcompleterenaanvraagschedule,apreacceptedcomplete,aacceptedcomplete,oselectedcomplete,oselectedcomplete,ocreatedcomplete,osentcomplete,ocreatedcomplete,ocreatedcomplete,wnabellenoffertesschedule,wcompleterenaanvraagcomplete,wnabellenoffertesstart,wnabellenoffertescomplete,wnabellenoffertesschedule,osentbackcomplete,ocancelledcomplete,aactivatedcomplete,15.0,21,10,bpic2012_O_ACCEPTED-COMPLETE,xgboost
asubmittedcomplete,apartlysubmittedcomplete,apreacceptedcomplete,wcompleterenaanvraagschedule,wcompleterenaanvraagstart,wcompleterenaanvraagcomplete,wcompleterenaanvraagstart,aacceptedcomplete,afinalizedcomplete,oselectedcomplete,ocreatedcomplete,osentcomplete,wnabellenoffertesschedule,wcompleterenaanvraagcomplete,wnabellenoffertesstart,osentbackcomplete,wvaliderenaanvraagschedule,wnabellenoffertescomplete,wvaliderenaanvraagstart,adeclinedcomplete,15.0,21,11,bpic2012_O_ACCEPTED-COMPLETE,xgboost
asubmittedcomplete,apartlysubmittedcomplete,apreacceptedcomplete,wcompleterenaanvraagschedule,wcompleterenaanvraagstart,wcompleterenaanvraagcomplete,wcompleterenaanvraagstart,aacceptedcomplete,afinalizedcomplete,oselectedcomplete,ocreatedcomplete,osentcomplete,wnabellenoffertesschedule,wcompleterenaanvraagcomplete,wnabellenoffertesstart,osentbackcomplete,wvaliderenaanvraagschedule,wnabellenoffertescomplete,wvaliderenaanvraagstart,aregisteredcomplete,15.0,21,12,bpic2012_O_ACCEPTED-COMPLETE,xgboost
asubmittedcomplete,apartlysubmittedcomplete,apreacceptedcomplete,wcompleterenaanvraagschedule,wcompleterenaanvraagstart,wcompleterenaanvraagcomplete,wcompleterenaanvraagstart,aacceptedcomplete,oselectedcomplete,afinalizedcomplete,ocreatedcomplete,osentcomplete,wnabellenoffertesschedule,wcompleterenaanvraagcomplete,wnabellenoffertesstart,osentbackcomplete,wvaliderenaanvraagschedule,wnabellenoffertescomplete,wvaliderenaanvraagstart,ocancelledcomplete,15.0,21,13,bpic2012_O_ACCEPTED-COMPLETE,xgboost
asubmittedcomplete,apartlysubmittedcomplete,apreacceptedcomplete,wcompleterenaanvraagschedule,wcompleterenaanvraagstart,wcompleterenaanvraagcomplete,wcompleterenaanvraagstart,aacceptedcomplete,oselectedcomplete,afinalizedcomplete,ocreatedcomplete,osentcomplete,wnabellenoffertesschedule,wcompleterenaanvraagcomplete,wnabellenoffertesstart,osentbackcomplete,wvaliderenaanvraagschedule,wnabellenoffertescomplete,wvaliderenaanvraagstart,wnabellenincompletedossiersschedule,15.0,21,14,bpic2012_O_ACCEPTED-COMPLETE,xgboost
asubmittedcomplete,apartlysubmittedcomplete,apreacceptedcomplete,wcompleterenaanvraagschedule,wcompleterenaanvraagstart,aacceptedcomplete,oselectedcomplete,afinalizedcomplete,ocreatedcomplete,osentcomplete,wnabellenoffertesschedule,wcompleterenaanvraagcomplete,wnabellenoffertesstart,wnabellenoffertescomplete,wnabellenoffertesstart,osentbackcomplete,wvaliderenaanvraagschedule,wnabellenoffertescomplete,wvaliderenaanvraagstart,wnabellenincompletedossiersschedule,20.0,21,15,bpic2012_O_ACCEPTED-COMPLETE,xgboost
asubmittedcomplete,apartlysubmittedcomplete,apreacceptedcomplete,wcompleterenaanvraagschedule,wcompleterenaanvraagstart,aacceptedcomplete,oselectedcomplete,afinalizedcomplete,ocreatedcomplete,osentcomplete,wnabellenoffertesschedule,wcompleterenaanvraagcomplete,wnabellenoffertesstart,wnabellenoffertescomplete,wnabellenoffertesstart,osentbackcomplete,wvaliderenaanvraagschedule,wnabellenoffertescomplete,wvaliderenaanvraagstart,aactivatedcomplete,20.0,21,16,bpic2012_O_ACCEPTED-COMPLETE,xgboost
asubmittedcomplete,apartlysubmittedcomplete,apreacceptedcomplete,wcompleterenaanvraagschedule,wcompleterenaanvraagstart,aacceptedcomplete,afinalizedcomplete,oselectedcomplete,ocreatedcomplete,osentcomplete,wnabellenoffertesschedule,wcompleterenaanvraagcomplete,wnabellenoffertesstart,wnabellenoffertescomplete,wnabellenoffertesstart,wnabellenoffertescomplete,wnabellenoffertesstart,osentbackcomplete,wvaliderenaanvraagschedule,wnabellenoffertescomplete,20.0,21,17,bpic2012_O_ACCEPTED-COMPLETE,xgboost
asubmittedcomplete,apartlysubmittedcomplete,apreacceptedcomplete,wcompleterenaanvraagschedule,wcompleterenaanvraagstart,aacceptedcomplete,afinalizedcomplete,oselectedcomplete,ocreatedcomplete,osentcomplete,wnabellenoffertesschedule,wcompleterenaanvraagcomplete,wnabellenoffertesstart,wnabellenoffertescomplete,wnabellenoffertesstart,osentbackcomplete,wvaliderenaanvraagschedule,wnabellenoffertescomplete,wvaliderenaanvraagstart,wnabellenincompletedossiersschedule,20.0,21,18,bpic2012_O_ACCEPTED-COMPLETE,xgboost
asubmittedcomplete,apartlysubmittedcomplete,apreacceptedcomplete,wcompleterenaanvraagschedule,wcompleterenaanvraagstart,aacceptedcomplete,afinalizedcomplete,oselectedcomplete,ocreatedcomplete,osentcomplete,wnabellenoffertesschedule,wcompleterenaanvraagcomplete,wnabellenoffertesstart,wnabellenoffertescomplete,wnabellenoffertesstart,osentbackcomplete,wvaliderenaanvraagschedule,wnabellenoffertescomplete,wvaliderenaanvraagstart,wvaliderenaanvraagcomplete,20.0,21,19,bpic2012_O_ACCEPTED-COMPLETE,xgboost
asubmittedcomplete,apartlysubmittedcomplete,apreacceptedcomplete,wcompleterenaanvraagschedule,wcompleterenaanvraagstart,aacceptedcomplete,afinalizedcomplete,0,ocreatedcomplete,osentcomplete,ocreatedcomplete,wcompleterenaanvraagcomplete,oselectedcomplete,osentbackcomplete,wnabellenoffertesstart,odeclinedcomplete,wnabellenoffertesstart,wnabellenincompletedossiersschedule,wvaliderenaanvraagstart,wvaliderenaanvraagcomplete,5.0,20,0,bpic2012_O_ACCEPTED-COMPLETE,xgboost
asubmittedcomplete,apartlysubmittedcomplete,apreacceptedcomplete,wcompleterenaanvraagschedule,wcompleterenaanvraagstart,aacceptedcomplete,wcompleterenaanvraagstart,wcompleterenaanvraagstart,afinalizedcomplete,osentcomplete,ocreatedcomplete,wcompleterenaanvraagcomplete,wnabellenoffertesschedule,osentbackcomplete,wnabellenoffertesstart,0,wnabellenoffertesstart,adeclinedcomplete,wnabellenoffertesschedule,adeclinedcomplete,5.0,20,1,bpic2012_O_ACCEPTED-COMPLETE,xgboost
asubmittedcomplete,apartlysubmittedcomplete,apreacceptedcomplete,wcompleterenaanvraagschedule,wcompleterenaanvraagstart,aacceptedcomplete,wafhandelenleadsstart,wcompleterenaanvraagstart,oselectedcomplete,osentcomplete,wafhandelenleadscomplete,wcompleterenaanvraagcomplete,wcompleterenaanvraagstart,osentbackcomplete,wnabellenoffertesstart,wnabellenoffertesstart,wnabellenoffertesstart,odeclinedcomplete,oselectedcomplete,wvaliderenaanvraagcomplete,5.0,20,2,bpic2012_O_ACCEPTED-COMPLETE,xgboost
asubmittedcomplete,apartlysubmittedcomplete,apreacceptedcomplete,wcompleterenaanvraagschedule,wcompleterenaanvraagstart,aacceptedcomplete,wcompleterenaanvraagstart,wcompleterenaanvraagstart,oselectedcomplete,osentcomplete,ocreatedcomplete,wcompleterenaanvraagcomplete,wnabellenoffertesschedule,osentbackcomplete,wnabellenoffertesstart,wnabellenoffertescomplete,wvaliderenaanvraagschedule,wnabellenoffertescomplete,wvaliderenaanvraagstart,wnabellenincompletedossiersschedule,5.0,20,3,bpic2012_O_ACCEPTED-COMPLETE,xgboost
asubmittedcomplete,apartlysubmittedcomplete,wafhandelenleadsschedule,wcompleterenaanvraagschedule,wcompleterenaanvraagstart,aacceptedcomplete,wcompleterenaanvraagstart,0,ocreatedcomplete,osentcomplete,ocreatedcomplete,wcompleterenaanvraagcomplete,wnabellenoffertesschedule,osentbackcomplete,wnabellenoffertesstart,adeclinedcomplete,0,wnabellenoffertescomplete,wvaliderenaanvraagcomplete,wvaliderenaanvraagcomplete,5.0,20,4,bpic2012_O_ACCEPTED-COMPLETE,xgboost
asubmittedcomplete,apartlysubmittedcomplete,apreacceptedcomplete,0,wcompleterenaanvraagstart,aacceptedcomplete,oselectedcomplete,wafhandelenleadsstart,wcompleterenaanvraagstart,osentcomplete,apreacceptedcomplete,wcompleterenaanvraagcomplete,wnabellenoffertesstart,osentbackcomplete,wnabellenoffertesstart,wnabellenoffertescomplete,0,wcompleterenaanvraagstart,odeclinedcomplete,odeclinedcomplete,10.0,20,5,bpic2012_O_ACCEPTED-COMPLETE,xgboost
asubmittedcomplete,0,apreacceptedcomplete,wafhandelenleadsstart,wcompleterenaanvraagstart,aacceptedcomplete,oselectedcomplete,afinalizedcomplete,0,osentcomplete,wnabellenoffertesschedule,wcompleterenaanvraagcomplete,afinalizedcomplete,osentbackcomplete,acancelledcomplete,wnabellenoffertesschedule,wnabellenoffertesstart,oacceptedcomplete,odeclinedcomplete,oselectedcomplete,10.0,20,6,bpic2012_O_ACCEPTED-COMPLETE,xgboost
asubmittedcomplete,apartlysubmittedcomplete,apreacceptedcomplete,wcompleterenaanvraagschedule,wcompleterenaanvraagstart,aacceptedcomplete,oselectedcomplete,oselectedcomplete,ocreatedcomplete,osentcomplete,apreacceptedcomplete,wcompleterenaanvraagcomplete,wnabellenoffertesschedule,osentbackcomplete,wnabellenoffertesschedule,afinalizedcomplete,wnabellenoffertesschedule,aactivatedcomplete,wvaliderenaanvraagcomplete,ocancelledcomplete,10.0,20,7,bpic2012_O_ACCEPTED-COMPLETE,xgboost
asubmittedcomplete,apartlysubmittedcomplete,apreacceptedcomplete,wcompleterenaanvraagschedule,wcompleterenaanvraagstart,aacceptedcomplete,apreacceptedcomplete,afinalizedcomplete,oselectedcomplete,osentcomplete,ocreatedcomplete,wcompleterenaanvraagcomplete,wnabellenoffertesschedule,osentbackcomplete,wnabellenoffertesstart,wbeoordelenfraudecomplete,wnabellenoffertesschedule,aactivatedcomplete,wvaliderenaanvraagschedule,ocancelledcomplete,10.0,20,8,bpic2012_O_ACCEPTED-COMPLETE,xgboost
asubmittedcomplete,apartlysubmittedcomplete,0,wcompleterenaanvraagschedule,wcompleterenaanvraagstart,aacceptedcomplete,oselectedcomplete,wafhandelenleadsstart,afinalizedcomplete,osentcomplete,wnabellenoffertesschedule,wcompleterenaanvraagcomplete,afinalizedcomplete,osentbackcomplete,wnabellenoffertesstart,ocreatedcomplete,wvaliderenaanvraagstart,aregisteredcomplete,wvaliderenaanvraagstart,aregisteredcomplete,10.0,20,9,bpic2012_O_ACCEPTED-COMPLETE,xgboost
asubmittedcomplete,apartlysubmittedcomplete,apreacceptedcomplete,wafhandelenleadsstart,wbeoordelenfraudecomplete,aacceptedcomplete,oselectedcomplete,afinalizedcomplete,ocreatedcomplete,osentcomplete,wnabellenoffertesschedule,wcompleterenaanvraagcomplete,wnabellenoffertesstart,osentbackcomplete,wvaliderenaanvraagschedule,oselectedcomplete,wvaliderenaanvraagschedule,wbeoordelenfraudeschedule,wnabellenoffertescomplete,oselectedcomplete,15.0,20,10,bpic2012_O_ACCEPTED-COMPLETE,xgboost
0,apartlysubmittedcomplete,apreacceptedcomplete,wcompleterenaanvraagschedule,apreacceptedcomplete,aacceptedcomplete,oselectedcomplete,afinalizedcomplete,afinalizedcomplete,osentcomplete,afinalizedcomplete,wcompleterenaanvraagcomplete,wnabellenoffertesstart,osentbackcomplete,wafhandelenleadsstart,wnabellenoffertescomplete,wnabellenoffertescomplete,wnabellenoffertescomplete,wvaliderenaanvraagstart,wnabellenoffertescomplete,15.0,20,11,bpic2012_O_ACCEPTED-COMPLETE,xgboost
asubmittedcomplete,apartlysubmittedcomplete,apreacceptedcomplete,wafhandelenleadsstart,wafhandelenleadscomplete,aacceptedcomplete,oselectedcomplete,afinalizedcomplete,ocreatedcomplete,osentcomplete,ocreatedcomplete,wcompleterenaanvraagcomplete,wnabellenoffertesstart,osentbackcomplete,wnabellenoffertescomplete,oselectedcomplete,wnabellenoffertesstart,wbeoordelenfraudeschedule,wnabellenoffertescomplete,wwijzigencontractgegevensschedule,15.0,20,12,bpic2012_O_ACCEPTED-COMPLETE,xgboost
asubmittedcomplete,apartlysubmittedcomplete,apreacceptedcomplete,wcompleterenaanvraagschedule,wcompleterenaanvraagstart,aacceptedcomplete,wcompleterenaanvraagstart,wcompleterenaanvraagschedule,wcompleterenaanvraagstart,osentcomplete,wnabellenoffertesschedule,wcompleterenaanvraagcomplete,wnabellenoffertesstart,osentbackcomplete,oselectedcomplete,wnabellenoffertesstart,odeclinedcomplete,oacceptedcomplete,wnabellenoffertescomplete,wnabellenincompletedossiersschedule,15.0,20,13,bpic2012_O_ACCEPTED-COMPLETE,xgboost
asubmittedcomplete,apartlysubmittedcomplete,apreacceptedcomplete,wcompleterenaanvraagschedule,apreacceptedcomplete,aacceptedcomplete,oselectedcomplete,afinalizedcomplete,oselectedcomplete,osentcomplete,afinalizedcomplete,wcompleterenaanvraagcomplete,wnabellenoffertesstart,osentbackcomplete,afinalizedcomplete,wnabellenoffertesschedule,wvaliderenaanvraagschedule,wnabellenoffertescomplete,aapprovedcomplete,wvaliderenaanvraagstart,15.0,20,14,bpic2012_O_ACCEPTED-COMPLETE,xgboost
asubmittedcomplete,apartlysubmittedcomplete,apreacceptedcomplete,wcompleterenaanvraagschedule,wcompleterenaanvraagstart,aacceptedcomplete,oselectedcomplete,afinalizedcomplete,ocreatedcomplete,osentcomplete,wnabellenoffertesschedule,wcompleterenaanvraagcomplete,wnabellenoffertesstart,osentbackcomplete,wvaliderenaanvraagschedule,wnabellenoffertescomplete,wvaliderenaanvraagstart,wvaliderenaanvraagcomplete,wvaliderenaanvraagstart,aregisteredcomplete,20.0,20,15,bpic2012_O_ACCEPTED-COMPLETE,xgboost
asubmittedcomplete,apartlysubmittedcomplete,apreacceptedcomplete,wcompleterenaanvraagschedule,wcompleterenaanvraagstart,aacceptedcomplete,oselectedcomplete,afinalizedcomplete,ocreatedcomplete,osentcomplete,wnabellenoffertesschedule,wcompleterenaanvraagcomplete,wnabellenoffertesstart,osentbackcomplete,wvaliderenaanvraagschedule,wnabellenoffertescomplete,wvaliderenaanvraagstart,wnabellenincompletedossiersschedule,wvaliderenaanvraagcomplete,wnabellenincompletedossiersstart,20.0,20,16,bpic2012_O_ACCEPTED-COMPLETE,xgboost
asubmittedcomplete,apartlysubmittedcomplete,apreacceptedcomplete,wcompleterenaanvraagschedule,wcompleterenaanvraagstart,aacceptedcomplete,oselectedcomplete,afinalizedcomplete,ocreatedcomplete,osentcomplete,wnabellenoffertesschedule,wcompleterenaanvraagcomplete,wnabellenoffertesstart,osentbackcomplete,wvaliderenaanvraagschedule,wnabellenoffertescomplete,wvaliderenaanvraagstart,oacceptedcomplete,aregisteredcomplete,aapprovedcomplete,20.0,20,17,bpic2012_O_ACCEPTED-COMPLETE,xgboost
asubmittedcomplete,apartlysubmittedcomplete,apreacceptedcomplete,wcompleterenaanvraagschedule,wcompleterenaanvraagstart,aacceptedcomplete,afinalizedcomplete,oselectedcomplete,ocreatedcomplete,osentcomplete,wnabellenoffertesschedule,wcompleterenaanvraagcomplete,wnabellenoffertesstart,wnabellenoffertescomplete,wnabellenoffertesstart,wnabellenoffertescomplete,wnabellenoffertesstart,osentbackcomplete,wvaliderenaanvraagschedule,wnabellenoffertescomplete,20.0,20,18,bpic2012_O_ACCEPTED-COMPLETE,xgboost
asubmittedcomplete,apartlysubmittedcomplete,apreacceptedcomplete,wcompleterenaanvraagschedule,wcompleterenaanvraagstart,aacceptedcomplete,oselectedcomplete,oselectedcomplete,ocreatedcomplete,osentcomplete,wnabellenoffertesschedule,wcompleterenaanvraagcomplete,wnabellenoffertesstart,osentbackcomplete,wnabellenoffertesstart,wnabellenoffertescomplete,wnabellenoffertesstart,wnabellenoffertescomplete,wnabellenoffertesstart,aregisteredcomplete,20.0,20,19,bpic2012_O_ACCEPTED-COMPLETE,xgboost
asubmittedcomplete,apartlysubmittedcomplete,apreacceptedcomplete,wcompleterenaanvraagschedule,wcompleterenaanvraagstart,aacceptedcomplete,oselectedcomplete,afinalizedcomplete,oselectedcomplete,osentcomplete,ocreatedcomplete,wcompleterenaanvraagcomplete,wnabellenoffertesschedule,acancelledcomplete,wnabellenoffertesstart,osentbackcomplete,wvaliderenaanvraagschedule,wnabellenoffertescomplete,wvaliderenaanvraagstart,ocancelledcomplete,5.0,21,0,bpic2012_O_ACCEPTED-COMPLETE,xgboost
asubmittedcomplete,apartlysubmittedcomplete,apreacceptedcomplete,wcompleterenaanvraagschedule,wafhandelenleadscomplete,aacceptedcomplete,oselectedcomplete,wcompleterenaanvraagstart,afinalizedcomplete,osentcomplete,ocreatedcomplete,wcompleterenaanvraagcomplete,wnabellenoffertesstart,wbeoordelenfraudecomplete,wnabellenoffertesstart,osentbackcomplete,wvaliderenaanvraagschedule,wnabellenoffertescomplete,wvaliderenaanvraagstart,wvaliderenaanvraagcomplete,5.0,21,1,bpic2012_O_ACCEPTED-COMPLETE,xgboost
asubmittedcomplete,apartlysubmittedcomplete,apreacceptedcomplete,wcompleterenaanvraagschedule,wcompleterenaanvraagstart,aacceptedcomplete,wcompleterenaanvraagstart,afinalizedcomplete,afinalizedcomplete,osentcomplete,ocreatedcomplete,wcompleterenaanvraagcomplete,oselectedcomplete,afinalizedcomplete,wnabellenoffertesstart,osentbackcomplete,wvaliderenaanvraagschedule,wnabellenoffertescomplete,wvaliderenaanvraagstart,ocancelledcomplete,5.0,21,2,bpic2012_O_ACCEPTED-COMPLETE,xgboost
asubmittedcomplete,apartlysubmittedcomplete,apreacceptedcomplete,wcompleterenaanvraagschedule,wcompleterenaanvraagstart,aacceptedcomplete,wcompleterenaanvraagstart,wcompleterenaanvraagstart,wcompleterenaanvraagstart,osentcomplete,afinalizedcomplete,wcompleterenaanvraagcomplete,wnabellenoffertesschedule,adeclinedcomplete,wnabellenoffertesstart,osentbackcomplete,wvaliderenaanvraagschedule,wnabellenoffertescomplete,wvaliderenaanvraagstart,wnabellenincompletedossiersstart,5.0,21,3,bpic2012_O_ACCEPTED-COMPLETE,xgboost
asubmittedcomplete,0,apreacceptedcomplete,wcompleterenaanvraagschedule,wcompleterenaanvraagstart,aacceptedcomplete,wcompleterenaanvraagstart,wcompleterenaanvraagstart,ocreatedcomplete,osentcomplete,apreacceptedcomplete,wcompleterenaanvraagcomplete,ocreatedcomplete,afinalizedcomplete,wnabellenoffertesstart,osentbackcomplete,wvaliderenaanvraagschedule,wnabellenoffertescomplete,wvaliderenaanvraagstart,wvaliderenaanvraagcomplete,5.0,21,4,bpic2012_O_ACCEPTED-COMPLETE,xgboost
asubmittedcomplete,apartlysubmittedcomplete,apreacceptedcomplete,wcompleterenaanvraagschedule,apreacceptedcomplete,aacceptedcomplete,oselectedcomplete,0,wcompleterenaanvraagstart,osentcomplete,wnabellenoffertesschedule,wcompleterenaanvraagcomplete,wnabellenoffertesschedule,oselectedcomplete,wnabellenoffertesstart,osentbackcomplete,wvaliderenaanvraagschedule,wnabellenoffertescomplete,wvaliderenaanvraagstart,wvaliderenaanvraagcomplete,10.0,21,5,bpic2012_O_ACCEPTED-COMPLETE,xgboost
asubmittedcomplete,apartlysubmittedcomplete,apreacceptedcomplete,wafhandelenleadsstart,wcompleterenaanvraagstart,aacceptedcomplete,oselectedcomplete,afinalizedcomplete,ocreatedcomplete,osentcomplete,0,wcompleterenaanvraagcomplete,afinalizedcomplete,0,wnabellenoffertesstart,osentbackcomplete,0,wcompleterenaanvraagstart,wnabellenoffertesstart,aapprovedcomplete,10.0,21,6,bpic2012_O_ACCEPTED-COMPLETE,xgboost
asubmittedcomplete,apartlysubmittedcomplete,apreacceptedcomplete,wbeoordelenfraudestart,wcompleterenaanvraagstart,aacceptedcomplete,afinalizedcomplete,afinalizedcomplete,oselectedcomplete,osentcomplete,afinalizedcomplete,wcompleterenaanvraagcomplete,wnabellenoffertesschedule,wafhandelenleadsstart,wnabellenoffertesstart,osentbackcomplete,wvaliderenaanvraagschedule,wnabellenoffertescomplete,wvaliderenaanvraagstart,wvaliderenaanvraagstart,10.0,21,7,bpic2012_O_ACCEPTED-COMPLETE,xgboost
asubmittedcomplete,apartlysubmittedcomplete,apreacceptedcomplete,wcompleterenaanvraagschedule,wcompleterenaanvraagstart,aacceptedcomplete,wafhandelenleadscomplete,afinalizedcomplete,oselectedcomplete,osentcomplete,ocreatedcomplete,wcompleterenaanvraagcomplete,afinalizedcomplete,acancelledcomplete,wnabellenoffertesstart,osentbackcomplete,wvaliderenaanvraagschedule,ocancelledcomplete,wvaliderenaanvraagcomplete,aactivatedcomplete,10.0,21,8,bpic2012_O_ACCEPTED-COMPLETE,xgboost
asubmittedcomplete,apartlysubmittedcomplete,apreacceptedcomplete,wafhandelenleadsstart,wcompleterenaanvraagstart,aacceptedcomplete,oselectedcomplete,afinalizedcomplete,oselectedcomplete,osentcomplete,oselectedcomplete,wcompleterenaanvraagcomplete,wafhandelenleadscomplete,wafhandelenleadsstart,wnabellenoffertesstart,osentbackcomplete,wvaliderenaanvraagstart,wnabellenoffertescomplete,wnabellenoffertesstart,odeclinedcomplete,10.0,21,9,bpic2012_O_ACCEPTED-COMPLETE,xgboost
asubmittedcomplete,apartlysubmittedcomplete,apreacceptedcomplete,wcompleterenaanvraagschedule,wcompleterenaanvraagstart,aacceptedcomplete,wcompleterenaanvraagstart,afinalizedcomplete,afinalizedcomplete,osentcomplete,0,wcompleterenaanvraagcomplete,wnabellenoffertesschedule,wcompleterenaanvraagstart,wnabellenoffertesstart,osentbackcomplete,wcompleterenaanvraagstart,wnabellenoffertescomplete,wvaliderenaanvraagstart,aactivatedcomplete,15.0,21,10,bpic2012_O_ACCEPTED-COMPLETE,xgboost
asubmittedcomplete,apartlysubmittedcomplete,apreacceptedcomplete,wcompleterenaanvraagschedule,wcompleterenaanvraagstart,aacceptedcomplete,wcompleterenaanvraagstart,afinalizedcomplete,oselectedcomplete,osentcomplete,wcompleterenaanvraagstart,wcompleterenaanvraagcomplete,wnabellenoffertesschedule,ocreatedcomplete,wnabellenoffertesstart,osentbackcomplete,wvaliderenaanvraagschedule,wnabellenoffertescomplete,aregisteredcomplete,oselectedcomplete,15.0,21,11,bpic2012_O_ACCEPTED-COMPLETE,xgboost
asubmittedcomplete,apartlysubmittedcomplete,apreacceptedcomplete,wafhandelenleadsstart,wcompleterenaanvraagstart,aacceptedcomplete,oselectedcomplete,wcompleterenaanvraagschedule,ocreatedcomplete,osentcomplete,wnabellenoffertesschedule,wcompleterenaanvraagcomplete,wnabellenoffertesstart,wbeoordelenfraudestart,wnabellenoffertesschedule,osentbackcomplete,wnabellenoffertesschedule,wnabellenincompletedossiersschedule,aapprovedcomplete,ocancelledcomplete,15.0,21,12,bpic2012_O_ACCEPTED-COMPLETE,xgboost
asubmittedcomplete,apartlysubmittedcomplete,apreacceptedcomplete,wcompleterenaanvraagschedule,wcompleterenaanvraagstart,aacceptedcomplete,wcompleterenaanvraagstart,wcompleterenaanvraagstart,afinalizedcomplete,osentcomplete,ocreatedcomplete,wcompleterenaanvraagcomplete,wnabellenoffertesschedule,wafhandelenleadsstart,wnabellenoffertesstart,osentbackcomplete,wvaliderenaanvraagschedule,wnabellenoffertescomplete,wvaliderenaanvraagstart,aactivatedcomplete,15.0,21,13,bpic2012_O_ACCEPTED-COMPLETE,xgboost
asubmittedcomplete,apartlysubmittedcomplete,apreacceptedcomplete,wcompleterenaanvraagschedule,wafhandelenleadscomplete,aacceptedcomplete,wcompleterenaanvraagstart,oselectedcomplete,oselectedcomplete,osentcomplete,wnabellenoffertesschedule,wcompleterenaanvraagcomplete,wnabellenoffertesschedule,acancelledcomplete,wnabellenoffertesstart,osentbackcomplete,wvaliderenaanvraagschedule,wnabellenoffertescomplete,wvaliderenaanvraagstart,ocancelledcomplete,15.0,21,14,bpic2012_O_ACCEPTED-COMPLETE,xgboost
asubmittedcomplete,apartlysubmittedcomplete,apreacceptedcomplete,wcompleterenaanvraagschedule,wcompleterenaanvraagstart,aacceptedcomplete,oselectedcomplete,afinalizedcomplete,ocreatedcomplete,osentcomplete,wnabellenoffertesschedule,wcompleterenaanvraagcomplete,wnabellenoffertesstart,wnabellenoffertescomplete,wnabellenoffertesstart,osentbackcomplete,wvaliderenaanvraagschedule,wnabellenoffertescomplete,wvaliderenaanvraagstart,wnabellenincompletedossiersschedule,20.0,21,15,bpic2012_O_ACCEPTED-COMPLETE,xgboost
asubmittedcomplete,apartlysubmittedcomplete,apreacceptedcomplete,wcompleterenaanvraagschedule,wcompleterenaanvraagstart,aacceptedcomplete,oselectedcomplete,afinalizedcomplete,ocreatedcomplete,osentcomplete,wnabellenoffertesschedule,wcompleterenaanvraagcomplete,wnabellenoffertesstart,wnabellenoffertescomplete,wnabellenoffertesstart,osentbackcomplete,wvaliderenaanvraagschedule,wnabellenoffertescomplete,wvaliderenaanvraagstart,aactivatedcomplete,20.0,21,16,bpic2012_O_ACCEPTED-COMPLETE,xgboost
asubmittedcomplete,apartlysubmittedcomplete,apreacceptedcomplete,wcompleterenaanvraagschedule,wcompleterenaanvraagstart,aacceptedcomplete,afinalizedcomplete,afinalizedcomplete,ocreatedcomplete,osentcomplete,wnabellenoffertesschedule,wcompleterenaanvraagcomplete,wnabellenoffertesstart,wnabellenoffertescomplete,wnabellenoffertesstart,osentbackcomplete,wvaliderenaanvraagstart,wnabellenoffertescomplete,wvaliderenaanvraagstart,ocancelledcomplete,20.0,21,17,bpic2012_O_ACCEPTED-COMPLETE,xgboost
asubmittedcomplete,apartlysubmittedcomplete,apreacceptedcomplete,wcompleterenaanvraagschedule,wcompleterenaanvraagstart,aacceptedcomplete,afinalizedcomplete,oselectedcomplete,ocreatedcomplete,osentcomplete,wnabellenoffertesschedule,wcompleterenaanvraagcomplete,wnabellenoffertesstart,wnabellenoffertescomplete,wnabellenoffertesstart,wnabellenoffertescomplete,wnabellenoffertesstart,osentbackcomplete,wvaliderenaanvraagschedule,wnabellenoffertescomplete,20.0,21,18,bpic2012_O_ACCEPTED-COMPLETE,xgboost
asubmittedcomplete,apartlysubmittedcomplete,apreacceptedcomplete,wcompleterenaanvraagschedule,wcompleterenaanvraagstart,aacceptedcomplete,afinalizedcomplete,oselectedcomplete,ocreatedcomplete,osentcomplete,wnabellenoffertesschedule,wcompleterenaanvraagcomplete,wnabellenoffertesstart,wnabellenoffertescomplete,wnabellenoffertesstart,osentbackcomplete,wvaliderenaanvraagschedule,wnabellenoffertescomplete,wvaliderenaanvraagstart,wnabellenincompletedossiersschedule,20.0,21,19,bpic2012_O_ACCEPTED-COMPLETE,xgboost
asubmittedcomplete,apartlysubmittedcomplete,apreacceptedcomplete,wcompleterenaanvraagschedule,wcompleterenaanvraagstart,wafhandelenleadsstart,wcompleterenaanvraagstart,wcompleterenaanvraagstart,0,osentcomplete,0,wcompleterenaanvraagcomplete,wnabellenoffertesstart,osentbackcomplete,wvaliderenaanvraagschedule,wnabellenoffertesschedule,wvaliderenaanvraagstart,wnabellenoffertesstart,wvaliderenaanvraagstart,wbeoordelenfraudestart,5.0,20,0,bpic2012_O_ACCEPTED-COMPLETE,xgboost
asubmittedcomplete,apartlysubmittedcomplete,apreacceptedcomplete,wcompleterenaanvraagschedule,wcompleterenaanvraagstart,aacceptedcomplete,wcompleterenaanvraagstart,wcompleterenaanvraagstart,wcompleterenaanvraagstart,osentcomplete,ocreatedcomplete,wcompleterenaanvraagcomplete,0,osentbackcomplete,wnabellenoffertesstart,wnabellenoffertesstart,wvaliderenaanvraagschedule,wnabellenoffertescomplete,wvaliderenaanvraagschedule,aregisteredcomplete,5.0,20,1,bpic2012_O_ACCEPTED-COMPLETE,xgboost
asubmittedcomplete,apartlysubmittedcomplete,apreacceptedcomplete,wcompleterenaanvraagschedule,wafhandelenleadscomplete,aacceptedcomplete,oselectedcomplete,wcompleterenaanvraagstart,wcompleterenaanvraagcomplete,osentcomplete,oselectedcomplete,osentcomplete,wnabellenoffertesstart,osentbackcomplete,wvaliderenaanvraagschedule,wcompleterenaanvraagcomplete,wvaliderenaanvraagstart,odeclinedcomplete,wvaliderenaanvraagstart,wnabellenincompletedossiersstart,5.0,20,2,bpic2012_O_ACCEPTED-COMPLETE,xgboost
asubmittedcomplete,apartlysubmittedcomplete,apreacceptedcomplete,wcompleterenaanvraagschedule,wcompleterenaanvraagstart,aacceptedcomplete,wcompleterenaanvraagstart,0,oselectedcomplete,osentcomplete,ocreatedcomplete,wcompleterenaanvraagcomplete,wnabellenoffertesschedule,osentbackcomplete,wnabellenoffertesstart,0,wvaliderenaanvraagschedule,wnabellenoffertescomplete,wvaliderenaanvraagstart,aregisteredcomplete,5.0,20,3,bpic2012_O_ACCEPTED-COMPLETE,xgboost
asubmittedcomplete,apartlysubmittedcomplete,apreacceptedcomplete,wcompleterenaanvraagschedule,wcompleterenaanvraagstart,aacceptedcomplete,afinalizedcomplete,wcompleterenaanvraagstart,0,osentcomplete,ocreatedcomplete,wcompleterenaanvraagcomplete,0,osentbackcomplete,wnabellenoffertesstart,0,0,wnabellenoffertescomplete,wvaliderenaanvraagstart,wnabellenincompletedossiersschedule,5.0,20,4,bpic2012_O_ACCEPTED-COMPLETE,xgboost
asubmittedcomplete,apartlysubmittedcomplete,apreacceptedcomplete,wafhandelenleadsstart,wcompleterenaanvraagstart,aacceptedcomplete,oselectedcomplete,afinalizedcomplete,oselectedcomplete,osentcomplete,wnabellenoffertesschedule,wcompleterenaanvraagcomplete,0,osentbackcomplete,wnabellenoffertesschedule,0,wnabellenoffertescomplete,wvaliderenaanvraagschedule,0,wbeoordelenfraudestart,10.0,20,5,bpic2012_O_ACCEPTED-COMPLETE,xgboost
asubmittedcomplete,apartlysubmittedcomplete,apreacceptedcomplete,wcompleterenaanvraagschedule,0,aacceptedcomplete,apreacceptedcomplete,afinalizedcomplete,wcompleterenaanvraagstart,osentcomplete,wnabellenoffertesschedule,wcompleterenaanvraagcomplete,0,osentbackcomplete,0,0,wnabellenoffertesstart,aregisteredcomplete,wvaliderenaanvraagstart,wbeoordelenfraudestart,10.0,20,6,bpic2012_O_ACCEPTED-COMPLETE,xgboost
asubmittedcomplete,apartlysubmittedcomplete,0,0,wcompleterenaanvraagstart,aacceptedcomplete,oselectedcomplete,afinalizedcomplete,oselectedcomplete,osentcomplete,wnabellenoffertesschedule,wcompleterenaanvraagcomplete,0,osentbackcomplete,wnabellenoffertesschedule,wnabellenoffertesstart,wnabellenoffertescomplete,wvaliderenaanvraagschedule,oacceptedcomplete,wbeoordelenfraudestart,10.0,20,7,bpic2012_O_ACCEPTED-COMPLETE,xgboost
asubmittedcomplete,apartlysubmittedcomplete,apreacceptedcomplete,wafhandelenleadsstart,wcompleterenaanvraagstart,aacceptedcomplete,wcompleterenaanvraagstart,oselectedcomplete,oselectedcomplete,osentcomplete,0,wcompleterenaanvraagcomplete,ocreatedcomplete,osentbackcomplete,wnabellenoffertesstart,wnabellenoffertescomplete,0,oselectedcomplete,wvaliderenaanvraagstart,wvaliderenaanvraagcomplete,10.0,20,8,bpic2012_O_ACCEPTED-COMPLETE,xgboost
asubmittedcomplete,apartlysubmittedcomplete,apreacceptedcomplete,wcompleterenaanvraagschedule,wcompleterenaanvraagstart,aacceptedcomplete,wcompleterenaanvraagstart,wcompleterenaanvraagstart,oselectedcomplete,osentcomplete,ocreatedcomplete,wcompleterenaanvraagcomplete,wnabellenoffertesschedule,osentbackcomplete,wnabellenoffertesstart,0,wvaliderenaanvraagschedule,aactivatedcomplete,wvaliderenaanvraagcomplete,wbeoordelenfraudestart,10.0,20,9,bpic2012_O_ACCEPTED-COMPLETE,xgboost
asubmittedcomplete,apartlysubmittedcomplete,apreacceptedcomplete,wcompleterenaanvraagschedule,wcompleterenaanvraagstart,aacceptedcomplete,oselectedcomplete,0,ocreatedcomplete,osentcomplete,wnabellenoffertesschedule,wcompleterenaanvraagcomplete,wnabellenoffertesschedule,osentbackcomplete,wvaliderenaanvraagschedule,wnabellenoffertesschedule,wvaliderenaanvraagschedule,adeclinedcomplete,wvaliderenaanvraagstart,ocancelledcomplete,15.0,20,10,bpic2012_O_ACCEPTED-COMPLETE,xgboost
asubmittedcomplete,apartlysubmittedcomplete,apreacceptedcomplete,wcompleterenaanvraagschedule,0,aacceptedcomplete,wafhandelenleadscomplete,afinalizedcomplete,ocreatedcomplete,osentcomplete,afinalizedcomplete,wcompleterenaanvraagcomplete,afinalizedcomplete,osentbackcomplete,0,wnabellenoffertescomplete,wnabellenoffertesschedule,0,wnabellenoffertesstart,wwijzigencontractgegevensschedule,15.0,20,11,bpic2012_O_ACCEPTED-COMPLETE,xgboost
0,apartlysubmittedcomplete,apreacceptedcomplete,wcompleterenaanvraagschedule,apreacceptedcomplete,aacceptedcomplete,wcompleterenaanvraagstart,wcompleterenaanvraagstart,0,osentcomplete,wnabellenoffertesschedule,wcompleterenaanvraagcomplete,wnabellenoffertesstart,osentbackcomplete,wnabellenoffertesstart,wnabellenoffertescomplete,wvaliderenaanvraagschedule,0,0,wbeoordelenfraudeschedule,15.0,20,12,bpic2012_O_ACCEPTED-COMPLETE,xgboost
asubmittedcomplete,apartlysubmittedcomplete,apreacceptedcomplete,wcompleterenaanvraagschedule,apreacceptedcomplete,aacceptedcomplete,wcompleterenaanvraagstart,afinalizedcomplete,oselectedcomplete,osentcomplete,ocreatedcomplete,wcompleterenaanvraagcomplete,wnabellenoffertesschedule,osentbackcomplete,wnabellenoffertesstart,wnabellenoffertescomplete,wvaliderenaanvraagschedule,wnabellenoffertescomplete,wvaliderenaanvraagcomplete,aregisteredcomplete,15.0,20,13,bpic2012_O_ACCEPTED-COMPLETE,xgboost
asubmittedcomplete,apartlysubmittedcomplete,apreacceptedcomplete,wcompleterenaanvraagschedule,0,aacceptedcomplete,oselectedcomplete,wcompleterenaanvraagstart,ocreatedcomplete,osentcomplete,ocreatedcomplete,wcompleterenaanvraagcomplete,wnabellenoffertesschedule,osentbackcomplete,wvaliderenaanvraagschedule,0,wnabellenoffertescomplete,wvaliderenaanvraagcomplete,0,oacceptedcomplete,15.0,20,14,bpic2012_O_ACCEPTED-COMPLETE,xgboost
asubmittedcomplete,apartlysubmittedcomplete,apreacceptedcomplete,wcompleterenaanvraagschedule,wcompleterenaanvraagstart,aacceptedcomplete,oselectedcomplete,afinalizedcomplete,ocreatedcomplete,osentcomplete,wnabellenoffertesschedule,wcompleterenaanvraagcomplete,wnabellenoffertesstart,osentbackcomplete,wvaliderenaanvraagschedule,wnabellenoffertescomplete,wvaliderenaanvraagstart,oacceptedcomplete,aregisteredcomplete,aapprovedcomplete,20.0,20,15,bpic2012_O_ACCEPTED-COMPLETE,xgboost
asubmittedcomplete,apartlysubmittedcomplete,apreacceptedcomplete,wcompleterenaanvraagschedule,wcompleterenaanvraagstart,aacceptedcomplete,oselectedcomplete,afinalizedcomplete,ocreatedcomplete,osentcomplete,wnabellenoffertesschedule,wcompleterenaanvraagcomplete,wnabellenoffertesstart,osentbackcomplete,wvaliderenaanvraagschedule,wnabellenoffertescomplete,wvaliderenaanvraagstart,wvaliderenaanvraagcomplete,wvaliderenaanvraagstart,aregisteredcomplete,20.0,20,16,bpic2012_O_ACCEPTED-COMPLETE,xgboost
asubmittedcomplete,apartlysubmittedcomplete,apreacceptedcomplete,wcompleterenaanvraagschedule,wcompleterenaanvraagstart,aacceptedcomplete,oselectedcomplete,afinalizedcomplete,ocreatedcomplete,osentcomplete,wnabellenoffertesschedule,wcompleterenaanvraagcomplete,wnabellenoffertesstart,osentbackcomplete,wvaliderenaanvraagschedule,wnabellenoffertescomplete,wvaliderenaanvraagstart,wnabellenincompletedossiersschedule,wvaliderenaanvraagcomplete,wnabellenincompletedossiersstart,20.0,20,17,bpic2012_O_ACCEPTED-COMPLETE,xgboost
asubmittedcomplete,apartlysubmittedcomplete,apreacceptedcomplete,wcompleterenaanvraagschedule,wcompleterenaanvraagstart,aacceptedcomplete,afinalizedcomplete,oselectedcomplete,ocreatedcomplete,osentcomplete,wnabellenoffertesschedule,wcompleterenaanvraagcomplete,wnabellenoffertesstart,wnabellenoffertescomplete,wnabellenoffertesstart,wnabellenoffertescomplete,wnabellenoffertesstart,osentbackcomplete,wvaliderenaanvraagschedule,wnabellenoffertescomplete,20.0,20,18,bpic2012_O_ACCEPTED-COMPLETE,xgboost
asubmittedcomplete,0,apreacceptedcomplete,wcompleterenaanvraagschedule,wcompleterenaanvraagstart,aacceptedcomplete,oselectedcomplete,afinalizedcomplete,ocreatedcomplete,osentcomplete,wnabellenoffertesschedule,wcompleterenaanvraagcomplete,wnabellenoffertesstart,osentbackcomplete,wvaliderenaanvraagschedule,wnabellenoffertescomplete,wvaliderenaanvraagstart,wvaliderenaanvraagcomplete,wvaliderenaanvraagstart,wnabellenincompletedossiersstart,20.0,20,19,bpic2012_O_ACCEPTED-COMPLETE,xgboost
asubmittedcomplete,apartlysubmittedcomplete,apreacceptedcomplete,wcompleterenaanvraagschedule,wcompleterenaanvraagstart,aacceptedcomplete,wcompleterenaanvraagstart,0,oselectedcomplete,osentcomplete,ocreatedcomplete,wcompleterenaanvraagcomplete,wnabellenoffertesschedule,0,wnabellenoffertesstart,osentbackcomplete,wvaliderenaanvraagschedule,wnabellenoffertescomplete,wvaliderenaanvraagstart,aregisteredcomplete,5.0,21,0,bpic2012_O_ACCEPTED-COMPLETE,xgboost
asubmittedcomplete,apartlysubmittedcomplete,apreacceptedcomplete,wcompleterenaanvraagschedule,wcompleterenaanvraagstart,aacceptedcomplete,afinalizedcomplete,wcompleterenaanvraagstart,0,osentcomplete,0,wcompleterenaanvraagcomplete,oselectedcomplete,afinalizedcomplete,wnabellenoffertesstart,osentbackcomplete,wvaliderenaanvraagschedule,wnabellenoffertescomplete,wvaliderenaanvraagstart,wnabellenincompletedossiersschedule,5.0,21,1,bpic2012_O_ACCEPTED-COMPLETE,xgboost
asubmittedcomplete,apartlysubmittedcomplete,apreacceptedcomplete,wcompleterenaanvraagschedule,wcompleterenaanvraagstart,aacceptedcomplete,wcompleterenaanvraagstart,wcompleterenaanvraagstart,wcompleterenaanvraagstart,osentcomplete,ocreatedcomplete,wcompleterenaanvraagcomplete,0,0,wnabellenoffertesstart,osentbackcomplete,wvaliderenaanvraagschedule,wnabellenoffertescomplete,wvaliderenaanvraagschedule,aregisteredcomplete,5.0,21,2,bpic2012_O_ACCEPTED-COMPLETE,xgboost
asubmittedcomplete,apartlysubmittedcomplete,apreacceptedcomplete,wcompleterenaanvraagschedule,wcompleterenaanvraagstart,aacceptedcomplete,afinalizedcomplete,wcompleterenaanvraagstart,0,osentcomplete,ocreatedcomplete,wcompleterenaanvraagcomplete,0,afinalizedcomplete,wnabellenoffertesstart,osentbackcomplete,0,wnabellenoffertescomplete,wvaliderenaanvraagstart,wnabellenincompletedossiersschedule,5.0,21,3,bpic2012_O_ACCEPTED-COMPLETE,xgboost
asubmittedcomplete,apartlysubmittedcomplete,apreacceptedcomplete,wcompleterenaanvraagschedule,wcompleterenaanvraagstart,wcompleterenaanvraagschedule,wcompleterenaanvraagstart,0,afinalizedcomplete,osentcomplete,ocreatedcomplete,wcompleterenaanvraagcomplete,wnabellenoffertesschedule,0,wnabellenoffertesstart,osentbackcomplete,wvaliderenaanvraagschedule,wnabellenoffertescomplete,wvaliderenaanvraagstart,ocancelledcomplete,5.0,21,4,bpic2012_O_ACCEPTED-COMPLETE,xgboost
asubmittedcomplete,apartlysubmittedcomplete,apreacceptedcomplete,wcompleterenaanvraagschedule,0,aacceptedcomplete,apreacceptedcomplete,afinalizedcomplete,wcompleterenaanvraagstart,osentcomplete,wnabellenoffertesschedule,wcompleterenaanvraagcomplete,0,0,0,osentbackcomplete,wnabellenoffertesstart,aregisteredcomplete,wvaliderenaanvraagstart,wbeoordelenfraudestart,10.0,21,5,bpic2012_O_ACCEPTED-COMPLETE,xgboost
asubmittedcomplete,apartlysubmittedcomplete,apreacceptedcomplete,wafhandelenleadsstart,wcompleterenaanvraagstart,aacceptedcomplete,oselectedcomplete,afinalizedcomplete,oselectedcomplete,osentcomplete,wnabellenoffertesschedule,wcompleterenaanvraagcomplete,0,oselectedcomplete,wnabellenoffertesschedule,osentbackcomplete,wnabellenoffertescomplete,wvaliderenaanvraagschedule,0,wbeoordelenfraudestart,10.0,21,6,bpic2012_O_ACCEPTED-COMPLETE,xgboost
asubmittedcomplete,apartlysubmittedcomplete,apreacceptedcomplete,wcompleterenaanvraagschedule,wcompleterenaanvraagstart,aacceptedcomplete,0,oselectedcomplete,oselectedcomplete,osentcomplete,ocreatedcomplete,wcompleterenaanvraagcomplete,wnabellenoffertesschedule,ocreatedcomplete,wnabellenoffertesstart,osentbackcomplete,wvaliderenaanvraagschedule,wnabellenoffertescomplete,oacceptedcomplete,wnabellenincompletedossiersstart,10.0,21,7,bpic2012_O_ACCEPTED-COMPLETE,xgboost
asubmittedcomplete,apartlysubmittedcomplete,apreacceptedcomplete,wcompleterenaanvraagschedule,wcompleterenaanvraagstart,aacceptedcomplete,wcompleterenaanvraagstart,wcompleterenaanvraagstart,oselectedcomplete,osentcomplete,ocreatedcomplete,wcompleterenaanvraagcomplete,wnabellenoffertesschedule,0,wnabellenoffertesstart,osentbackcomplete,wvaliderenaanvraagschedule,aactivatedcomplete,wvaliderenaanvraagcomplete,wbeoordelenfraudestart,10.0,21,8,bpic2012_O_ACCEPTED-COMPLETE,xgboost
asubmittedcomplete,apartlysubmittedcomplete,apreacceptedcomplete,0,wcompleterenaanvraagstart,aacceptedcomplete,afinalizedcomplete,0,0,osentcomplete,wnabellenoffertesschedule,wcompleterenaanvraagcomplete,0,0,wnabellenoffertesstart,osentbackcomplete,wnabellenoffertescomplete,wvaliderenaanvraagschedule,wvaliderenaanvraagstart,wbeoordelenfraudestart,10.0,21,9,bpic2012_O_ACCEPTED-COMPLETE,xgboost
asubmittedcomplete,apartlysubmittedcomplete,apreacceptedcomplete,wcompleterenaanvraagschedule,wcompleterenaanvraagstart,aacceptedcomplete,oselectedcomplete,0,ocreatedcomplete,osentcomplete,wnabellenoffertesschedule,wcompleterenaanvraagcomplete,wnabellenoffertesschedule,0,wvaliderenaanvraagschedule,osentbackcomplete,wvaliderenaanvraagschedule,adeclinedcomplete,wvaliderenaanvraagstart,ocancelledcomplete,15.0,21,10,bpic2012_O_ACCEPTED-COMPLETE,xgboost
asubmittedcomplete,apartlysubmittedcomplete,apreacceptedcomplete,wafhandelenleadsstart,wcompleterenaanvraagstart,aacceptedcomplete,oselectedcomplete,afinalizedcomplete,oselectedcomplete,osentcomplete,afinalizedcomplete,wcompleterenaanvraagcomplete,wnabellenoffertesschedule,0,wnabellenoffertesstart,osentbackcomplete,wvaliderenaanvraagschedule,wnabellenoffertescomplete,aactivatedcomplete,wnabellenincompletedossiersschedule,15.0,21,11,bpic2012_O_ACCEPTED-COMPLETE,xgboost
asubmittedcomplete,apartlysubmittedcomplete,apreacceptedcomplete,wcompleterenaanvraagschedule,wcompleterenaanvraagstart,wbeoordelenfraudestart,wcompleterenaanvraagstart,afinalizedcomplete,0,osentcomplete,ocreatedcomplete,wcompleterenaanvraagcomplete,0,wnabellenoffertesschedule,wnabellenoffertesstart,osentbackcomplete,0,wnabellenoffertescomplete,wvaliderenaanvraagstart,wbeoordelenfraudestart,15.0,21,12,bpic2012_O_ACCEPTED-COMPLETE,xgboost
asubmittedcomplete,apartlysubmittedcomplete,apreacceptedcomplete,wcompleterenaanvraagschedule,wcompleterenaanvraagstart,aacceptedcomplete,wcompleterenaanvraagstart,0,afinalizedcomplete,osentcomplete,ocreatedcomplete,wcompleterenaanvraagcomplete,wnabellenoffertesschedule,0,wnabellenoffertesstart,osentbackcomplete,wvaliderenaanvraagschedule,wnabellenoffertescomplete,wvaliderenaanvraagcomplete,aregisteredcomplete,15.0,21,13,bpic2012_O_ACCEPTED-COMPLETE,xgboost
asubmittedcomplete,apartlysubmittedcomplete,apreacceptedcomplete,wcompleterenaanvraagschedule,wcompleterenaanvraagstart,aacceptedcomplete,wcompleterenaanvraagstart,wcompleterenaanvraagschedule,afinalizedcomplete,osentcomplete,ocreatedcomplete,wcompleterenaanvraagcomplete,0,wnabellenoffertescomplete,0,osentbackcomplete,wvaliderenaanvraagschedule,0,wvaliderenaanvraagstart,ocancelledcomplete,15.0,21,14,bpic2012_O_ACCEPTED-COMPLETE,xgboost
asubmittedcomplete,apartlysubmittedcomplete,apreacceptedcomplete,wcompleterenaanvraagschedule,wcompleterenaanvraagstart,aacceptedcomplete,oselectedcomplete,afinalizedcomplete,ocreatedcomplete,osentcomplete,wnabellenoffertesschedule,wcompleterenaanvraagcomplete,wnabellenoffertesstart,wnabellenoffertescomplete,wnabellenoffertesstart,osentbackcomplete,wvaliderenaanvraagschedule,wnabellenoffertescomplete,wvaliderenaanvraagstart,wnabellenincompletedossiersschedule,20.0,21,15,bpic2012_O_ACCEPTED-COMPLETE,xgboost
asubmittedcomplete,apartlysubmittedcomplete,apreacceptedcomplete,wcompleterenaanvraagschedule,wcompleterenaanvraagstart,aacceptedcomplete,oselectedcomplete,afinalizedcomplete,ocreatedcomplete,osentcomplete,wnabellenoffertesschedule,wcompleterenaanvraagcomplete,wnabellenoffertesstart,wnabellenoffertescomplete,wnabellenoffertesstart,osentbackcomplete,wvaliderenaanvraagschedule,wnabellenoffertescomplete,wvaliderenaanvraagstart,aactivatedcomplete,20.0,21,16,bpic2012_O_ACCEPTED-COMPLETE,xgboost
asubmittedcomplete,apartlysubmittedcomplete,apreacceptedcomplete,wcompleterenaanvraagschedule,wcompleterenaanvraagstart,aacceptedcomplete,afinalizedcomplete,oselectedcomplete,ocreatedcomplete,osentcomplete,wnabellenoffertesschedule,wcompleterenaanvraagcomplete,wnabellenoffertesstart,wnabellenoffertescomplete,wnabellenoffertesstart,wnabellenoffertescomplete,wnabellenoffertesstart,osentbackcomplete,wvaliderenaanvraagschedule,wnabellenoffertescomplete,20.0,21,17,bpic2012_O_ACCEPTED-COMPLETE,xgboost
asubmittedcomplete,apartlysubmittedcomplete,apreacceptedcomplete,wcompleterenaanvraagschedule,wcompleterenaanvraagstart,aacceptedcomplete,afinalizedcomplete,oselectedcomplete,ocreatedcomplete,osentcomplete,wnabellenoffertesschedule,wcompleterenaanvraagcomplete,wnabellenoffertesstart,wnabellenoffertescomplete,wnabellenoffertesstart,osentbackcomplete,wvaliderenaanvraagschedule,wnabellenoffertescomplete,wvaliderenaanvraagstart,wnabellenincompletedossiersschedule,20.0,21,18,bpic2012_O_ACCEPTED-COMPLETE,xgboost
asubmittedcomplete,apartlysubmittedcomplete,apreacceptedcomplete,wcompleterenaanvraagschedule,wcompleterenaanvraagstart,aacceptedcomplete,afinalizedcomplete,oselectedcomplete,ocreatedcomplete,osentcomplete,wnabellenoffertesschedule,wcompleterenaanvraagcomplete,wnabellenoffertesstart,wnabellenoffertescomplete,wnabellenoffertesstart,osentbackcomplete,wvaliderenaanvraagschedule,wnabellenoffertescomplete,wvaliderenaanvraagstart,wvaliderenaanvraagcomplete,20.0,21,19,bpic2012_O_ACCEPTED-COMPLETE,xgboost
asubmittedcomplete,apartlysubmittedcomplete,apreacceptedcomplete,wcompleterenaanvraagschedule,wafhandelenleadscomplete,aacceptedcomplete,oselectedcomplete,wcompleterenaanvraagstart,wcompleterenaanvraagcomplete,osentcomplete,oselectedcomplete,osentcomplete,wnabellenoffertesstart,osentbackcomplete,wvaliderenaanvraagschedule,wcompleterenaanvraagcomplete,wvaliderenaanvraagstart,odeclinedcomplete,wvaliderenaanvraagstart,wnabellenincompletedossiersstart,5.0,20,0,bpic2012_O_ACCEPTED-COMPLETE,xgboost
asubmittedcomplete,apartlysubmittedcomplete,apreacceptedcomplete,wcompleterenaanvraagschedule,wcompleterenaanvraagstart,wcompleterenaanvraagschedule,apreacceptedcomplete,afinalizedcomplete,wafhandelenleadscomplete,osentcomplete,oselectedcomplete,ocreatedcomplete,afinalizedcomplete,ocreatedcomplete,wcompleterenaanvraagcomplete,osentbackcomplete,wvaliderenaanvraagschedule,osentbackcomplete,oselectedcomplete,wbeoordelenfraudeschedule,5.0,20,1,bpic2012_O_ACCEPTED-COMPLETE,xgboost
asubmittedcomplete,apartlysubmittedcomplete,apreacceptedcomplete,wcompleterenaanvraagschedule,wcompleterenaanvraagstart,wcompleterenaanvraagcomplete,wcompleterenaanvraagstart,aacceptedcomplete,oselectedcomplete,afinalizedcomplete,ocreatedcomplete,osentcomplete,wnabellenoffertesschedule,wcompleterenaanvraagcomplete,wnabellenoffertesstart,wnabellenoffertescomplete,wnabellenoffertesstart,wnabellenoffertescomplete,wnabellenoffertesstart,osentbackcomplete,5.0,20,2,bpic2012_O_ACCEPTED-COMPLETE,xgboost
asubmittedcomplete,apartlysubmittedcomplete,apreacceptedcomplete,wcompleterenaanvraagschedule,wcompleterenaanvraagstart,wcompleterenaanvraagcomplete,wcompleterenaanvraagstart,aacceptedcomplete,wcompleterenaanvraagcomplete,wcompleterenaanvraagstart,oselectedcomplete,afinalizedcomplete,ocreatedcomplete,osentcomplete,wnabellenoffertesschedule,wcompleterenaanvraagcomplete,wnabellenoffertesstart,osentbackcomplete,wvaliderenaanvraagschedule,wnabellenoffertescomplete,5.0,20,3,bpic2012_O_ACCEPTED-COMPLETE,xgboost
asubmittedcomplete,apartlysubmittedcomplete,wafhandelenleadsschedule,wcompleterenaanvraagschedule,wafhandelenleadscomplete,wcompleterenaanvraagcomplete,afinalizedcomplete,wcompleterenaanvraagcomplete,wcompleterenaanvraagstart,osentcomplete,wnabellenoffertesschedule,osentcomplete,oselectedcomplete,osentcomplete,wnabellenoffertesstart,wcompleterenaanvraagcomplete,osentbackcomplete,aapprovedcomplete,oselectedcomplete,wnabellenoffertescomplete,5.0,20,4,bpic2012_O_ACCEPTED-COMPLETE,xgboost
asubmittedcomplete,apartlysubmittedcomplete,apreacceptedcomplete,wcompleterenaanvraagschedule,wcompleterenaanvraagstart,wcompleterenaanvraagcomplete,wcompleterenaanvraagstart,aacceptedcomplete,oselectedcomplete,afinalizedcomplete,ocreatedcomplete,osentcomplete,wnabellenoffertesschedule,wcompleterenaanvraagcomplete,wnabellenoffertesstart,wnabellenoffertescomplete,wnabellenoffertesstart,wnabellenoffertescomplete,wnabellenoffertesstart,osentbackcomplete,10.0,20,5,bpic2012_O_ACCEPTED-COMPLETE,xgboost
asubmittedcomplete,apartlysubmittedcomplete,apreacceptedcomplete,wcompleterenaanvraagschedule,wcompleterenaanvraagstart,wcompleterenaanvraagcomplete,wcompleterenaanvraagstart,aacceptedcomplete,oselectedcomplete,afinalizedcomplete,ocreatedcomplete,osentcomplete,wnabellenoffertesschedule,wcompleterenaanvraagcomplete,wnabellenoffertesstart,osentbackcomplete,wvaliderenaanvraagschedule,wnabellenoffertescomplete,wvaliderenaanvraagstart,wvaliderenaanvraagcomplete,10.0,20,6,bpic2012_O_ACCEPTED-COMPLETE,xgboost
asubmittedcomplete,apartlysubmittedcomplete,apreacceptedcomplete,wcompleterenaanvraagschedule,wcompleterenaanvraagstart,wcompleterenaanvraagcomplete,wcompleterenaanvraagstart,aacceptedcomplete,afinalizedcomplete,oselectedcomplete,ocreatedcomplete,osentcomplete,wnabellenoffertesschedule,wcompleterenaanvraagcomplete,wnabellenoffertesstart,osentbackcomplete,wvaliderenaanvraagschedule,wnabellenoffertescomplete,wvaliderenaanvraagstart,adeclinedcomplete,10.0,20,7,bpic2012_O_ACCEPTED-COMPLETE,xgboost
asubmittedcomplete,apartlysubmittedcomplete,apreacceptedcomplete,wcompleterenaanvraagschedule,wcompleterenaanvraagstart,wcompleterenaanvraagcomplete,wcompleterenaanvraagstart,aacceptedcomplete,afinalizedcomplete,oselectedcomplete,ocreatedcomplete,osentcomplete,wnabellenoffertesschedule,wcompleterenaanvraagcomplete,wnabellenoffertesstart,osentbackcomplete,wvaliderenaanvraagschedule,wnabellenoffertescomplete,wvaliderenaanvraagstart,aregisteredcomplete,10.0,20,8,bpic2012_O_ACCEPTED-COMPLETE,xgboost
asubmittedcomplete,apartlysubmittedcomplete,apreacceptedcomplete,wcompleterenaanvraagschedule,wcompleterenaanvraagstart,wcompleterenaanvraagcomplete,wcompleterenaanvraagstart,aacceptedcomplete,oselectedcomplete,afinalizedcomplete,ocreatedcomplete,osentcomplete,wnabellenoffertesschedule,wcompleterenaanvraagcomplete,wnabellenoffertesstart,osentbackcomplete,wvaliderenaanvraagschedule,wnabellenoffertescomplete,wvaliderenaanvraagstart,aactivatedcomplete,10.0,20,9,bpic2012_O_ACCEPTED-COMPLETE,xgboost
asubmittedcomplete,apartlysubmittedcomplete,wafhandelenleadsschedule,wcompleterenaanvraagschedule,apreacceptedcomplete,aacceptedcomplete,oselectedcomplete,oselectedcomplete,ocreatedcomplete,osentcomplete,ocreatedcomplete,ocreatedcomplete,wnabellenoffertesschedule,wcompleterenaanvraagcomplete,wnabellenoffertesstart,wnabellenoffertescomplete,wnabellenoffertesschedule,osentbackcomplete,ocancelledcomplete,aactivatedcomplete,15.0,20,10,bpic2012_O_ACCEPTED-COMPLETE,xgboost
asubmittedcomplete,apartlysubmittedcomplete,apreacceptedcomplete,wcompleterenaanvraagschedule,apreacceptedcomplete,aacceptedcomplete,wcompleterenaanvraagstart,aacceptedcomplete,wcompleterenaanvraagstart,afinalizedcomplete,wnabellenoffertesschedule,aacceptedcomplete,wnabellenoffertesstart,osentbackcomplete,osentcomplete,wnabellenoffertesstart,wcompleterenaanvraagcomplete,oacceptedcomplete,wnabellenoffertescomplete,wnabellenincompletedossiersschedule,15.0,20,11,bpic2012_O_ACCEPTED-COMPLETE,xgboost
asubmittedcomplete,apartlysubmittedcomplete,apreacceptedcomplete,wcompleterenaanvraagschedule,wcompleterenaanvraagstart,wcompleterenaanvraagcomplete,wcompleterenaanvraagstart,aacceptedcomplete,oselectedcomplete,afinalizedcomplete,ocreatedcomplete,osentcomplete,wnabellenoffertesschedule,wcompleterenaanvraagcomplete,wnabellenoffertesstart,wnabellenoffertescomplete,wnabellenoffertesstart,wnabellenoffertescomplete,wnabellenoffertesstart,osentbackcomplete,15.0,20,12,bpic2012_O_ACCEPTED-COMPLETE,xgboost
asubmittedcomplete,apartlysubmittedcomplete,apreacceptedcomplete,wcompleterenaanvraagschedule,wcompleterenaanvraagstart,wcompleterenaanvraagcomplete,wcompleterenaanvraagstart,aacceptedcomplete,wcompleterenaanvraagcomplete,wcompleterenaanvraagstart,oselectedcomplete,afinalizedcomplete,ocreatedcomplete,osentcomplete,wnabellenoffertesschedule,wcompleterenaanvraagcomplete,wnabellenoffertesstart,osentbackcomplete,wvaliderenaanvraagschedule,wnabellenoffertescomplete,15.0,20,13,bpic2012_O_ACCEPTED-COMPLETE,xgboost
asubmittedcomplete,apartlysubmittedcomplete,wafhandelenleadsschedule,wcompleterenaanvraagschedule,apreacceptedcomplete,wcompleterenaanvraagschedule,oselectedcomplete,afinalizedcomplete,wafhandelenleadscomplete,wcompleterenaanvraagstart,aacceptedcomplete,oselectedcomplete,osentcomplete,osentbackcomplete,wcompleterenaanvraagcomplete,wcompleterenaanvraagcomplete,wvaliderenaanvraagstart,ocancelledcomplete,osentbackcomplete,wnabellenoffertescomplete,15.0,20,14,bpic2012_O_ACCEPTED-COMPLETE,xgboost
asubmittedcomplete,apartlysubmittedcomplete,apreacceptedcomplete,wcompleterenaanvraagschedule,wcompleterenaanvraagstart,aacceptedcomplete,oselectedcomplete,afinalizedcomplete,ocreatedcomplete,osentcomplete,wnabellenoffertesschedule,wcompleterenaanvraagcomplete,wnabellenoffertesstart,osentbackcomplete,wvaliderenaanvraagschedule,wnabellenoffertescomplete,wvaliderenaanvraagstart,wnabellenincompletedossiersschedule,wvaliderenaanvraagcomplete,wnabellenincompletedossiersstart,20.0,20,15,bpic2012_O_ACCEPTED-COMPLETE,xgboost
asubmittedcomplete,apartlysubmittedcomplete,apreacceptedcomplete,wcompleterenaanvraagschedule,wcompleterenaanvraagstart,aacceptedcomplete,oselectedcomplete,afinalizedcomplete,ocreatedcomplete,osentcomplete,wnabellenoffertesschedule,wcompleterenaanvraagcomplete,wnabellenoffertesstart,osentbackcomplete,wvaliderenaanvraagschedule,wnabellenoffertescomplete,wvaliderenaanvraagstart,wvaliderenaanvraagcomplete,wvaliderenaanvraagstart,aregisteredcomplete,20.0,20,16,bpic2012_O_ACCEPTED-COMPLETE,xgboost
asubmittedcomplete,apartlysubmittedcomplete,apreacceptedcomplete,wcompleterenaanvraagschedule,wcompleterenaanvraagstart,aacceptedcomplete,oselectedcomplete,afinalizedcomplete,ocreatedcomplete,osentcomplete,wnabellenoffertesschedule,wcompleterenaanvraagcomplete,wnabellenoffertesstart,osentbackcomplete,wvaliderenaanvraagschedule,wnabellenoffertescomplete,wvaliderenaanvraagstart,oacceptedcomplete,aregisteredcomplete,aapprovedcomplete,20.0,20,17,bpic2012_O_ACCEPTED-COMPLETE,xgboost
asubmittedcomplete,apartlysubmittedcomplete,apreacceptedcomplete,wcompleterenaanvraagschedule,wcompleterenaanvraagstart,aacceptedcomplete,afinalizedcomplete,oselectedcomplete,ocreatedcomplete,osentcomplete,wnabellenoffertesschedule,wcompleterenaanvraagcomplete,wnabellenoffertesstart,wnabellenoffertescomplete,wnabellenoffertesstart,wnabellenoffertescomplete,wnabellenoffertesstart,osentbackcomplete,wvaliderenaanvraagschedule,wnabellenoffertescomplete,20.0,20,18,bpic2012_O_ACCEPTED-COMPLETE,xgboost
asubmittedcomplete,apartlysubmittedcomplete,apreacceptedcomplete,wcompleterenaanvraagschedule,wcompleterenaanvraagstart,aacceptedcomplete,oselectedcomplete,afinalizedcomplete,ocreatedcomplete,osentcomplete,wnabellenoffertesschedule,wcompleterenaanvraagcomplete,wnabellenoffertesstart,wnabellenoffertescomplete,wnabellenoffertesstart,osentbackcomplete,wvaliderenaanvraagschedule,wnabellenoffertescomplete,wvaliderenaanvraagstart,wnabellenincompletedossiersschedule,20.0,20,19,bpic2012_O_ACCEPTED-COMPLETE,xgboost
asubmittedcomplete,apartlysubmittedcomplete,apreacceptedcomplete,wcompleterenaanvraagschedule,wafhandelenleadscomplete,aacceptedcomplete,oselectedcomplete,wcompleterenaanvraagstart,wcompleterenaanvraagcomplete,osentcomplete,oselectedcomplete,osentcomplete,wnabellenoffertesstart,osentbackcomplete,wvaliderenaanvraagschedule,wcompleterenaanvraagcomplete,wvaliderenaanvraagstart,odeclinedcomplete,wvaliderenaanvraagstart,wnabellenincompletedossiersstart,5.0,21,0,bpic2012_O_ACCEPTED-COMPLETE,xgboost
asubmittedcomplete,apartlysubmittedcomplete,apreacceptedcomplete,wcompleterenaanvraagschedule,wcompleterenaanvraagstart,wcompleterenaanvraagcomplete,wcompleterenaanvraagstart,aacceptedcomplete,afinalizedcomplete,oselectedcomplete,ocreatedcomplete,osentcomplete,wnabellenoffertesschedule,wcompleterenaanvraagcomplete,wnabellenoffertesstart,osentbackcomplete,wvaliderenaanvraagschedule,wnabellenoffertescomplete,wvaliderenaanvraagstart,adeclinedcomplete,5.0,21,1,bpic2012_O_ACCEPTED-COMPLETE,xgboost
asubmittedcomplete,apartlysubmittedcomplete,apreacceptedcomplete,wcompleterenaanvraagschedule,wcompleterenaanvraagstart,wcompleterenaanvraagschedule,apreacceptedcomplete,afinalizedcomplete,wafhandelenleadscomplete,osentcomplete,oselectedcomplete,ocreatedcomplete,afinalizedcomplete,ocreatedcomplete,wcompleterenaanvraagcomplete,osentbackcomplete,wvaliderenaanvraagschedule,osentbackcomplete,oselectedcomplete,wbeoordelenfraudeschedule,5.0,21,2,bpic2012_O_ACCEPTED-COMPLETE,xgboost
asubmittedcomplete,apartlysubmittedcomplete,apreacceptedcomplete,wcompleterenaanvraagschedule,wcompleterenaanvraagstart,wcompleterenaanvraagcomplete,wcompleterenaanvraagstart,aacceptedcomplete,oselectedcomplete,afinalizedcomplete,ocreatedcomplete,osentcomplete,wnabellenoffertesschedule,wcompleterenaanvraagcomplete,wnabellenoffertesstart,osentbackcomplete,wvaliderenaanvraagschedule,wnabellenoffertescomplete,wvaliderenaanvraagstart,ocancelledcomplete,5.0,21,3,bpic2012_O_ACCEPTED-COMPLETE,xgboost
asubmittedcomplete,apartlysubmittedcomplete,apreacceptedcomplete,wcompleterenaanvraagschedule,wcompleterenaanvraagstart,wcompleterenaanvraagcomplete,wcompleterenaanvraagstart,aacceptedcomplete,oselectedcomplete,afinalizedcomplete,ocreatedcomplete,osentcomplete,wnabellenoffertesschedule,wcompleterenaanvraagcomplete,wnabellenoffertesstart,osentbackcomplete,wvaliderenaanvraagschedule,wnabellenoffertescomplete,wvaliderenaanvraagstart,wvaliderenaanvraagcomplete,5.0,21,4,bpic2012_O_ACCEPTED-COMPLETE,xgboost
asubmittedcomplete,apartlysubmittedcomplete,apreacceptedcomplete,wcompleterenaanvraagschedule,wcompleterenaanvraagstart,wcompleterenaanvraagcomplete,wcompleterenaanvraagstart,aacceptedcomplete,afinalizedcomplete,oselectedcomplete,ocreatedcomplete,osentcomplete,wnabellenoffertesschedule,wcompleterenaanvraagcomplete,wnabellenoffertesstart,osentbackcomplete,wvaliderenaanvraagschedule,wnabellenoffertescomplete,wvaliderenaanvraagstart,adeclinedcomplete,10.0,21,5,bpic2012_O_ACCEPTED-COMPLETE,xgboost
asubmittedcomplete,apartlysubmittedcomplete,apreacceptedcomplete,wcompleterenaanvraagschedule,wcompleterenaanvraagstart,wcompleterenaanvraagcomplete,wcompleterenaanvraagstart,aacceptedcomplete,afinalizedcomplete,oselectedcomplete,ocreatedcomplete,osentcomplete,wnabellenoffertesschedule,wcompleterenaanvraagcomplete,wnabellenoffertesstart,osentbackcomplete,wvaliderenaanvraagschedule,wnabellenoffertescomplete,wvaliderenaanvraagstart,aregisteredcomplete,10.0,21,6,bpic2012_O_ACCEPTED-COMPLETE,xgboost
asubmittedcomplete,apartlysubmittedcomplete,apreacceptedcomplete,wcompleterenaanvraagschedule,wcompleterenaanvraagstart,wcompleterenaanvraagcomplete,wcompleterenaanvraagstart,aacceptedcomplete,oselectedcomplete,afinalizedcomplete,ocreatedcomplete,osentcomplete,wnabellenoffertesschedule,wcompleterenaanvraagcomplete,wnabellenoffertesstart,osentbackcomplete,wvaliderenaanvraagschedule,wnabellenoffertescomplete,wvaliderenaanvraagstart,aactivatedcomplete,10.0,21,7,bpic2012_O_ACCEPTED-COMPLETE,xgboost
asubmittedcomplete,apartlysubmittedcomplete,apreacceptedcomplete,wcompleterenaanvraagschedule,wcompleterenaanvraagstart,wcompleterenaanvraagcomplete,wcompleterenaanvraagstart,aacceptedcomplete,oselectedcomplete,afinalizedcomplete,ocreatedcomplete,osentcomplete,wnabellenoffertesschedule,wcompleterenaanvraagcomplete,wnabellenoffertesstart,osentbackcomplete,wvaliderenaanvraagschedule,wnabellenoffertescomplete,wvaliderenaanvraagstart,wnabellenincompletedossiersschedule,10.0,21,8,bpic2012_O_ACCEPTED-COMPLETE,xgboost
asubmittedcomplete,apartlysubmittedcomplete,apreacceptedcomplete,wcompleterenaanvraagschedule,wcompleterenaanvraagstart,wcompleterenaanvraagcomplete,wcompleterenaanvraagstart,aacceptedcomplete,oselectedcomplete,afinalizedcomplete,ocreatedcomplete,osentcomplete,wnabellenoffertesschedule,wcompleterenaanvraagcomplete,wnabellenoffertesstart,osentbackcomplete,wvaliderenaanvraagschedule,wnabellenoffertescomplete,wvaliderenaanvraagstart,wvaliderenaanvraagcomplete,10.0,21,9,bpic2012_O_ACCEPTED-COMPLETE,xgboost
asubmittedcomplete,apartlysubmittedcomplete,wafhandelenleadsschedule,wcompleterenaanvraagschedule,apreacceptedcomplete,aacceptedcomplete,oselectedcomplete,oselectedcomplete,ocreatedcomplete,osentcomplete,ocreatedcomplete,ocreatedcomplete,wnabellenoffertesschedule,wcompleterenaanvraagcomplete,wnabellenoffertesstart,wnabellenoffertescomplete,wnabellenoffertesschedule,osentbackcomplete,ocancelledcomplete,aactivatedcomplete,15.0,21,10,bpic2012_O_ACCEPTED-COMPLETE,xgboost
asubmittedcomplete,apartlysubmittedcomplete,apreacceptedcomplete,wcompleterenaanvraagschedule,wcompleterenaanvraagstart,wcompleterenaanvraagcomplete,wcompleterenaanvraagstart,aacceptedcomplete,afinalizedcomplete,oselectedcomplete,ocreatedcomplete,osentcomplete,wnabellenoffertesschedule,wcompleterenaanvraagcomplete,wnabellenoffertesstart,osentbackcomplete,wvaliderenaanvraagschedule,wnabellenoffertescomplete,wvaliderenaanvraagstart,adeclinedcomplete,15.0,21,11,bpic2012_O_ACCEPTED-COMPLETE,xgboost
asubmittedcomplete,apartlysubmittedcomplete,apreacceptedcomplete,wcompleterenaanvraagschedule,wcompleterenaanvraagstart,wcompleterenaanvraagcomplete,wcompleterenaanvraagstart,aacceptedcomplete,afinalizedcomplete,oselectedcomplete,ocreatedcomplete,osentcomplete,wnabellenoffertesschedule,wcompleterenaanvraagcomplete,wnabellenoffertesstart,osentbackcomplete,wvaliderenaanvraagschedule,wnabellenoffertescomplete,wvaliderenaanvraagstart,aregisteredcomplete,15.0,21,12,bpic2012_O_ACCEPTED-COMPLETE,xgboost
asubmittedcomplete,apartlysubmittedcomplete,apreacceptedcomplete,wcompleterenaanvraagschedule,wcompleterenaanvraagstart,wcompleterenaanvraagcomplete,wcompleterenaanvraagstart,aacceptedcomplete,oselectedcomplete,afinalizedcomplete,ocreatedcomplete,osentcomplete,wnabellenoffertesschedule,wcompleterenaanvraagcomplete,wnabellenoffertesstart,osentbackcomplete,wvaliderenaanvraagschedule,wnabellenoffertescomplete,wvaliderenaanvraagstart,aactivatedcomplete,15.0,21,13,bpic2012_O_ACCEPTED-COMPLETE,xgboost
asubmittedcomplete,apartlysubmittedcomplete,apreacceptedcomplete,wcompleterenaanvraagschedule,wcompleterenaanvraagstart,wcompleterenaanvraagcomplete,wcompleterenaanvraagstart,aacceptedcomplete,oselectedcomplete,afinalizedcomplete,ocreatedcomplete,osentcomplete,wnabellenoffertesschedule,wcompleterenaanvraagcomplete,wnabellenoffertesstart,osentbackcomplete,wvaliderenaanvraagschedule,wnabellenoffertescomplete,wvaliderenaanvraagstart,ocancelledcomplete,15.0,21,14,bpic2012_O_ACCEPTED-COMPLETE,xgboost
asubmittedcomplete,apartlysubmittedcomplete,apreacceptedcomplete,wcompleterenaanvraagschedule,wcompleterenaanvraagstart,aacceptedcomplete,oselectedcomplete,afinalizedcomplete,ocreatedcomplete,osentcomplete,wnabellenoffertesschedule,wcompleterenaanvraagcomplete,wnabellenoffertesstart,wnabellenoffertescomplete,wnabellenoffertesstart,osentbackcomplete,wvaliderenaanvraagschedule,wnabellenoffertescomplete,wvaliderenaanvraagstart,wnabellenincompletedossiersschedule,20.0,21,15,bpic2012_O_ACCEPTED-COMPLETE,xgboost
asubmittedcomplete,apartlysubmittedcomplete,apreacceptedcomplete,wcompleterenaanvraagschedule,wcompleterenaanvraagstart,aacceptedcomplete,oselectedcomplete,afinalizedcomplete,ocreatedcomplete,osentcomplete,wnabellenoffertesschedule,wcompleterenaanvraagcomplete,wnabellenoffertesstart,wnabellenoffertescomplete,wnabellenoffertesstart,osentbackcomplete,wvaliderenaanvraagschedule,wnabellenoffertescomplete,wvaliderenaanvraagstart,aactivatedcomplete,20.0,21,16,bpic2012_O_ACCEPTED-COMPLETE,xgboost
asubmittedcomplete,apartlysubmittedcomplete,apreacceptedcomplete,wcompleterenaanvraagschedule,wcompleterenaanvraagstart,aacceptedcomplete,afinalizedcomplete,oselectedcomplete,ocreatedcomplete,osentcomplete,wnabellenoffertesschedule,wcompleterenaanvraagcomplete,wnabellenoffertesstart,wnabellenoffertescomplete,wnabellenoffertesstart,wnabellenoffertescomplete,wnabellenoffertesstart,osentbackcomplete,wvaliderenaanvraagschedule,wnabellenoffertescomplete,20.0,21,17,bpic2012_O_ACCEPTED-COMPLETE,xgboost
asubmittedcomplete,apartlysubmittedcomplete,apreacceptedcomplete,wcompleterenaanvraagschedule,wcompleterenaanvraagstart,aacceptedcomplete,afinalizedcomplete,oselectedcomplete,ocreatedcomplete,osentcomplete,wnabellenoffertesschedule,wcompleterenaanvraagcomplete,wnabellenoffertesstart,wnabellenoffertescomplete,wnabellenoffertesstart,osentbackcomplete,wvaliderenaanvraagschedule,wnabellenoffertescomplete,wvaliderenaanvraagstart,wnabellenincompletedossiersschedule,20.0,21,18,bpic2012_O_ACCEPTED-COMPLETE,xgboost
asubmittedcomplete,apartlysubmittedcomplete,apreacceptedcomplete,wcompleterenaanvraagschedule,wcompleterenaanvraagstart,aacceptedcomplete,afinalizedcomplete,oselectedcomplete,ocreatedcomplete,osentcomplete,wnabellenoffertesschedule,wcompleterenaanvraagcomplete,wnabellenoffertesstart,wnabellenoffertescomplete,wnabellenoffertesstart,osentbackcomplete,wvaliderenaanvraagschedule,wnabellenoffertescomplete,wvaliderenaanvraagstart,wvaliderenaanvraagcomplete,20.0,21,19,bpic2012_O_ACCEPTED-COMPLETE,xgboost
